symbol,tier,rank_mcap,score_explosif,score_momentum,score_signal,score_catalysts,price,vol_24h_usd,change_24h_pct,rsi_14,vol_ratio,drawdown_90d,ma_50,ma_200,patterns_bull,patterns_bear,catalyst_score,trending_rank,vol_spike,support_90d,resistance_90d,exit_risk,exit_label,exit_reasons
STXUSDT,Etabli,97,73.16,100,59.1,30.0,0.3722,14452160.56638,13.096,68.9914099167504,3.3682640787184894,0.3075591459896134,0.2544600000000001,0.214789,uptrend,,0,,,0.12748888888888887,0.31840555555555555,2,✅ OK,Près résistance 90j
HUMAUSDT,Mid,432,71.26,86.5,64.2,50.0,0.0335,3206589.40822,9.62,76.22513647502296,3.8070599531431224,0.2851255151742225,0.023403000000000004,0.021719749999999996,breakout_30d|uptrend,,0,,3.81,0.019622222222222225,0.026758888888888888,4,⚠️ Surveiller,RSI 76 surachat|Près résistance 90j
ARKUSDT,Mid,497,69.86,80.5,59.1,60.0,0.2405,24711921.6585,-42.188,71.21139040490432,30.735396100294967,0.22959641255605379,0.138128,0.1395909999999999,uptrend,,0,,30.74,0.09119722222222224,0.19951944444444444,0,✅ OK,
PLUMEUSDT,Mid,254,69.86,91.8,59.1,30.0,0.01895,10731808.79973,2.71,66.11749315112112,2.967374250389787,0.1561439239646979,0.014486199999999998,0.012198,uptrend,,0,,,0.010333611111111113,0.016547222222222227,2,✅ OK,Près résistance 90j
QNTUSDT,Etabli,34,69.71,74.5,59.1,75.0,264.61,141699164.46885,-9.588,74.64226607921523,27.97522220060406,0.1940543561796967,86.6432,73.86715,golden_cross,,0,3,27.98,58.35138888888888,129.86666666666667,2,✅ OK,RSI 75 surachat
HEIUSDT,Speculative,,68.66,92.5,59.1,30.0,0.1548,5674064.63002,10.809,58.14075855342274,1.8340232102503402,0.5815946348733234,0.13683199999999995,0.10662250000000001,uptrend,,0,,,0.09184444444444445,0.18197777777777777,0,✅ OK,
GTCUSDT,Speculative,,67.78,83.5,57.2,60.0,0.09831,1822532.579013,0.214,65.76259684937847,7.063254410778609,0.18350919177635153,0.08368819999999999,0.08418544999999998,double_bottom_90d,,0,,7.06,0.0680213888888889,0.09106194444444443,2,✅ OK,Près résistance 90j
NEARUSDT,Etabli,21,67.61,80.5,59.1,45.0,4.953,236209664.7872,-8.005,67.2231435944252,1.9655134323459658,0.23173681664247706,2.76738,1.9842299999999997,uptrend,,0,1,,1.6289166666666668,4.1346388888888885,0,✅ OK,
NMRUSDT,Mid,340,66.4,91.0,50.0,50.0,11.3,2517395.3452,-0.265,58.33479804207124,4.310674155979154,0.2432692307692308,9.274799999999997,8.806899999999992,,,0,,4.31,8.30361111111111,10.643333333333333,0,✅ OK,
DUSKUSDT,Mid,460,65.86,80.5,59.1,50.0,0.0867,2398009.4204,-4.41,56.07051544613401,4.7801195058592105,0.3007425742574257,0.07516600000000001,0.09617749999999999,uptrend,,0,,4.78,0.06076666666666665,0.08607222222222222,0,✅ OK,
NIGHTUSDT,Mid,101,65.66,70.0,59.1,60.0,0.03794,24112860.54011,0.77,81.90070033339775,7.441972586004147,0.5079456804391794,0.022128199999999997,0.03025599999999998,uptrend,,0,,7.44,0.017629444444444448,0.03195777777777778,6,⚠️ Surveiller,RSI 82 extrême|Près résistance 90j
MOVEUSDT,Speculative,517,65.27,92.5,39.4,60.0,0.010016,4520571.5182396,6.553,62.23888132538227,9.914330994447363,0.5396825396825398,0.008359080000000001,0.01289977,,rsi_bearish_divergence,0,,9.91,0.006705555555555558,0.011259583333333335,2,✅ OK,Div RSI
NOMUSDT,Speculative,,65.03,79.0,48.6,60.0,0.002693,21898025.816433,10.914,73.94342447851992,12.618662088781607,0.2694300518134715,0.0017433600000000007,0.00222674,uptrend,rsi_bearish_divergence,0,,12.62,0.0014633333333333334,0.002090166666666667,6,⚠️ Surveiller,RSI 74 surachat|Près résistance 90j|Div RSI
GLMRUSDT,Speculative,,64.4,92.5,37.2,60.0,0.009207,8005486.5140974,4.637,71.00422520356335,9.340132736948519,0.49527272727272725,0.0069760800000000026,0.010193274999999995,,downtrend,0,,9.34,0.0062887222222222225,0.009730166666666666,0,✅ OK,
VTHOUSDT,Mid,383,64.27,85.0,40.7,60.0,0.000662,64707029.735913,-0.898,52.05783754343866,221.66590179861714,0.18421052631578952,0.00052012,0.0004820699999999997,,macd_bearish_cross,0,,221.67,0.0003251111111111111,0.0007476944444444445,3,✅ OK,MACD bear
CELOUSDT,Mid,421,64.06,83.5,59.1,30.0,0.09941,1559478.357124,-1.242,69.4480897822773,1.7291660101881503,0.2017796030116359,0.0793258,0.07597965,uptrend,,0,,,0.06083083333333334,0.09225805555555557,2,✅ OK,Près résistance 90j
ORCAUSDT,Mid,295,64.06,83.5,59.1,30.0,1.627,1294535.77391,0.062,58.857467737867005,1.6358445474658871,0.18888888888888888,1.3574000000000002,1.2237199999999997,uptrend,,0,,,1.0626388888888891,1.5709722222222215,0,✅ OK,
LSKUSDT,Mid,406,63.8,82.0,50.0,50.0,0.277,3525310.9954,-9.031,48.19333482708774,4.119017071698436,0.6482959584441911,0.21032,0.13262500000000008,,,0,,4.12,0.07428888888888889,0.45587222222222223,1,✅ OK,
TRBUSDT,Mid,429,63.77,100,39.4,30.0,21.34,5545028.50503,3.844,63.7723461304724,3.339945261481454,0.30027100271002705,17.502599999999997,16.278899999999993,,rsi_bearish_divergence,0,,,13.325,19.68083333333333,4,⚠️ Surveiller,Près résistance 90j|Div RSI
AVAXUSDT,Etabli,26,63.76,78.5,57.1,30.0,10.955,54535142.56546,-1.404,65.08204338984874,1.4532118418944966,0.11150975889781863,8.225539999999997,8.07314,golden_cross|uptrend,bearish_engulfing_4h,0,,,6.313749999999999,9.96086111111111,4,⚠️ Surveiller,Près résistance 90j|Engloutissement
0GUSDT,Mid,407,63.74,73.0,66.4,30.0,0.2941,4672784.795848,-9.536,68.10490167366484,1.8781371326976035,0.3428571428571428,0.20135600000000003,0.3339639999999999,double_bottom_90d|uptrend,,0,,,0.14618888888888887,0.25179444444444443,0,✅ OK,
WLDUSDT,Etabli,54,63.36,75.5,59.1,30.0,0.5047,64969628.88276,-8.103,57.8746734054385,1.4524042779733555,0.29541715628672144,0.409642,0.36564600000000025,uptrend,,0,,,0.31513611111111106,0.4747861111111111,0,✅ OK,
DYDXUSDT,Mid,259,63.21,84.2,56.3,30.0,0.1473,2865951.4333424,1.216,64.51471576407765,2.017028455213092,0.29131910080588147,0.11974240000000004,0.12711319999999998,uptrend|bullish_engulfing_4h,rsi_bearish_divergence,0,,,0.10695750000000001,0.13738916666666667,4,⚠️ Surveiller,Près résistance 90j|Div RSI
ARUSDT,Mid,156,62.83,87.2,49.8,30.0,4.41,8273836.88617,0.318,63.30047288616608,2.272747151270533,0.1885633270321361,2.9161200000000003,2.201335,uptrend,macd_bearish_cross,0,,,1.760944444444444,4.105499999999999,3,✅ OK,MACD bear
PHAUSDT,Mid,400,62.57,88.0,48.4,30.0,0.0742,6810752.4633,2.345,66.13909507402758,1.7105811891005096,0.3021914648212226,0.034608,0.0325545,golden_cross,evening_star_4h,0,,,0.020872222222222223,0.05218888888888889,2,✅ OK,Étoile soir
JASMYUSDT,Mid,158,62.17,92.5,31.7,60.0,0.00565,7806708.65573,9.284,69.11184468175608,7.3107028466302575,0.27217741935483875,0.004363599999999999,0.004930100000000001,breakout_30d,rsi_bearish_divergence|downtrend,0,,7.31,0.0038283333333333333,0.004968333333333332,4,⚠️ Surveiller,Près résistance 90j|Div RSI
OPNUSDT,Speculative,,61.9,92.5,42.2,30.0,0.0623,4408382.63426,13.273,66.22258154958965,3.6980168550563257,0.3806179775280899,0.05242799999999999,0.11333049999999999,breakout_30d,downtrend,0,,,0.046513888888888896,0.06632222222222223,0,✅ OK,
KITEUSDT,Mid,136,61.66,75.0,59.1,30.0,0.1517,3750329.90478,5.641,64.78350575594192,0.8523189477695791,0.2942989214175655,0.11868600000000003,0.14618200000000003,uptrend,,0,,,0.09523888888888886,0.13767222222222222,2,✅ OK,Près résistance 90j
REDUSDT,Mid,299,61.63,88.0,48.6,30.0,0.1807,2755587.98946,1.631,70.94202721421598,1.5195077834560633,0.26782608695652177,0.1276,0.11909800000000002,uptrend,rsi_bearish_divergence,0,,,0.08721944444444445,0.15736944444444445,4,⚠️ Surveiller,Près résistance 90j|Div RSI
ESPUSDT,Mid,368,61.43,87.5,48.6,30.0,0.1067,2116309.14983,3.351,65.31364048708585,1.3639767297013297,0.44703100845685184,0.08791159999999999,0.07592845000000001,uptrend,rsi_bearish_divergence,0,,,0.06442138888888888,0.09945000000000002,4,⚠️ Surveiller,Près résistance 90j|Div RSI
PENGUUSDT,Mid,105,61.2,75.5,50.0,40.0,0.009402,18889165.175378,-8.78,55.5992740634443,1.2766256062183816,0.30756794988380315,0.008297559999999999,0.00752507,,,0,7,,0.005927805555555558,0.009748749999999999,0,✅ OK,
REZUSDT,Speculative,568,60.86,73.0,59.1,30.0,0.004456,3527705.3243797,-2.686,60.93290843224746,1.7245764172257072,0.24449481865284975,0.0033967,0.003554370000000001,uptrend,,0,,,0.002463861111111111,0.004150666666666666,0,✅ OK,
KMNOUSDT,Mid,175,60.86,75.5,59.1,30.0,0.04046,1479299.46681,-10.209,62.07039073784774,1.4014170992070645,0.2002734107997266,0.028042,0.021517200000000004,uptrend,,0,,,0.01784194444444445,0.036218888888888884,0,✅ OK,
TNSRUSDT,Speculative,708,60.86,75.5,59.1,30.0,0.0405,1056102.07924,1.25,62.48702766725867,1.2512363747019093,0.16806722689075634,0.03552799999999999,0.03613000000000002,uptrend,,0,,,0.030675000000000015,0.038738888888888885,2,✅ OK,Près résistance 90j
SOMIUSDT,Speculative,652,60.79,75.5,59.0,30.0,0.2116,1820136.69612,-8.557,64.21517608796123,1.0080236680907007,0.293570219966159,0.14269200000000004,0.13869049999999997,golden_cross|uptrend,macd_bearish_cross,0,,,0.08704999999999999,0.19191944444444442,3,✅ OK,MACD bear
BNBUSDT,Etabli,4,60.56,68.5,59.1,30.0,769.09,62721261.75788,-0.374,57.63610070762722,0.48054304083767235,0.07541779186724583,714.6260000000001,636.6268000000003,uptrend,,0,,,568.2147222222223,768.3541666666665,5,⚠️ Surveiller,Volume ×0.5 épuisé|Près résistance 90j
LTCUSDT,Etabli,24,60.56,68.5,59.1,30.0,66.97,26109549.45994,-0.873,64.40991275631654,0.5909822387901735,0.09836373895053609,54.656600000000005,51.177350000000004,uptrend,,0,,,44.077777777777776,63.14361111111113,2,✅ OK,Volume ×0.6 épuisé
ACEUSDT,Speculative,882,60.46,72.0,59.1,30.0,0.1854,6321220.52132,2.544,53.49159127632033,0.9633840860843752,0.4710059171597633,0.18326800000000001,0.12372349999999999,uptrend,,0,,,0.06942777777777778,0.22821666666666665,0,✅ OK,
SCRUSDT,Speculative,,60.28,76.0,57.2,30.0,0.02478,1164258.179388,-0.88,57.808850211370654,1.9540821647785156,0.3657123381049761,0.0223496,0.0328073,double_bottom_90d,,0,,,0.01943416666666667,0.026799166666666666,0,✅ OK,
BROCCOLI714USDT,Speculative,,60.2,83.0,50.0,30.0,0.02694,1916274.02205,1.968,62.33726972077228,1.004173438146409,0.22985074626865667,0.019566400000000005,0.015318400000000003,,,0,,,0.012242499999999996,0.024225555555555556,0,✅ OK,
APTUSDT,Etabli,99,59.52,68.0,57.0,30.0,0.7684,11231774.418353,-5.089,55.463202258196816,1.0063367561211147,0.2006172839506173,0.640914,0.7589935000000004,double_bottom_90d|uptrend,macd_bearish_cross,0,,,0.5406111111111112,0.7652472222222221,3,✅ OK,MACD bear
ASTERUSDT,Etabli,53,59.3,74.5,50.0,30.0,0.7413,20876219.962144,-4.901,54.37710689963643,1.7838885093150345,0.13595933926302411,0.7022380000000001,0.6648294999999999,,,0,,,0.6009444444444445,0.7572527777777779,1,✅ OK,
COMPUSDT,Mid,169,59.2,80.5,50.0,30.0,23.86,1528328.0316,-5.505,60.72756255329633,1.7515714250882553,0.12976362759286064,20.268399999999996,19.282050000000012,,,0,,,16.33027777777778,22.816944444444438,2,✅ OK,Près résistance 90j
MUBARAKUSDT,Mid,414,59.06,68.5,59.1,30.0,0.06101,3975650.171892,-0.196,62.79400731852627,0.41002124616335334,0.43376557335367394,0.03208180000000001,0.017571649999999998,uptrend,,0,,,0.011172777777777776,0.04776555555555554,2,✅ OK,Volume ×0.4 épuisé
SKYUSDT,Etabli,55,58.86,70.5,59.1,30.0,0.07868,2885751.85162,-2.696,61.60604725767723,0.8114659832995638,0.21829351535836175,0.0667604,0.06662239999999998,golden_cross,,0,,,0.053658055555555556,0.07455999999999999,2,✅ OK,Près résistance 90j
UNIUSDT,Etabli,23,58.83,73.5,49.8,30.0,9.069,60016331.30711,0.532,61.66758618876671,0.8459629444387692,0.2779156327543424,6.320060000000001,4.098454999999998,uptrend,macd_bearish_cross,0,,,3.335055555555556,8.753972222222224,3,✅ OK,MACD bear
INJUSDT,Etabli,91,58.83,73.5,49.8,30.0,7.463,11010634.36443,-1.348,58.62023844116667,0.7228926615360408,0.2367240089753179,5.89998,4.772635000000001,uptrend,macd_bearish_cross,0,,,4.417333333333332,7.382583333333334,3,✅ OK,MACD bear
WBTCUSDT,Speculative,,58.72,78.5,48.3,30.0,83649.12,4257065.4704372,-1.134,61.58861592039891,1.0077119696742243,0.06885284093360361,77662.29379999998,71261.02634999999,bull_flag,macd_bearish_cross,0,,,62882.929444444446,83005.83777777776,5,⚠️ Surveiller,Près résistance 90j|MACD bear
CRVUSDT,Mid,102,58.58,70.5,56.0,30.0,0.382,5191991.67704,-2.377,60.09504699145733,0.7496609120764227,0.16269945069317285,0.3311960000000001,0.2489329999999999,macd_bullish_cross,,0,,,0.20408611111111113,0.3718027777777777,2,✅ OK,Près résistance 90j
ADAUSDT,Etabli,17,58.56,65.5,57.1,30.0,0.2459,35570129.25523,-2.575,58.99451115634117,0.6709749412953607,0.19042663891779407,0.21500000000000002,0.2137044999999999,golden_cross|uptrend,bearish_engulfing_4h,0,,,0.16372499999999995,0.24169722222222212,2,✅ OK,Engloutissement
