date_detected,date_measured,horizon_days,symbol,pattern,direction,price_at_detection,price_now,return_pct,correct
20260418,20260502,14,USDEUSDT,macd_bullish_cross,bull,0.9999,0.9993,-0.06,0
20260418,20260502,14,USDEUSDT,macd_bearish_cross,bear,0.9999,0.9993,-0.06,1
20260418,20260502,14,USDEUSDT,support_bounce,bull,0.9999,0.9993,-0.06,0
20260418,20260502,14,USDEUSDT,resistance_test,bear,0.9999,0.9993,-0.06,1
20260418,20260502,14,TRXUSDT,macd_bullish_cross,bull,0.3298,0.3296,-0.061,0
20260418,20260502,14,TRXUSDT,resistance_test,bear,0.3298,0.3296,-0.061,1
20260418,20260502,14,NEARUSDT,bull_flag,bull,1.369,1.288,-5.917,0
20260418,20260502,14,ONTUSDT,double_bottom_90d,bull,0.08068,0.07079,-12.258,0
20260418,20260502,14,ONTUSDT,uptrend,bull,0.08068,0.07079,-12.258,0
20260418,20260502,14,ONTUSDT,bullish_engulfing_4h,bull,0.08068,0.07079,-12.258,0
20260418,20260502,14,JSTUSDT,macd_bearish_cross,bear,0.07091,0.08661,22.141,0
20260418,20260502,14,JSTUSDT,double_bottom_90d,bull,0.07091,0.08661,22.141,1
20260418,20260502,14,ETHUSDT,double_bottom_90d,bull,2361.04,2301.11,-2.538,0
20260418,20260502,14,XLMUSDT,macd_bullish_cross,bull,0.1692,0.1592,-5.91,0
20260418,20260502,14,XLMUSDT,double_top_90d,bear,0.1692,0.1592,-5.91,1
20260418,20260502,14,LUNCUSDT,golden_cross,bull,4.342e-05,7.453e-05,71.649,1
20260418,20260502,14,TONUSDT,double_top_90d,bear,1.371,1.331,-2.918,1
20260418,20260502,14,DOGEUSDT,downtrend,bear,0.09556,0.10777,12.777,0
20260418,20260502,14,DEXEUSDT,breakout_30d,bull,13.978,10.814,-22.636,0
20260418,20260502,14,DEXEUSDT,rsi_bearish_divergence,bear,13.978,10.814,-22.636,1
20260418,20260502,14,BNBUSDT,double_bottom_90d,bull,633.36,615.31,-2.85,0
20260418,20260502,14,FILUSDT,double_bottom_90d,bull,0.953,0.915,-3.987,0
20260418,20260502,14,FILUSDT,downtrend,bear,0.953,0.915,-3.987,1
20260418,20260502,14,MBLUSDT,breakout_30d,bull,0.001027,0.000923,-10.127,0
20260418,20260502,14,MBLUSDT,double_bottom_90d,bull,0.001027,0.000923,-10.127,0
20260418,20260502,14,MBLUSDT,uptrend,bull,0.001027,0.000923,-10.127,0
20260418,20260502,14,BELUSDT,double_bottom_90d,bull,0.1146,0.1054,-8.028,0
20260418,20260502,14,BELUSDT,uptrend,bull,0.1146,0.1054,-8.028,0
20260418,20260502,14,SHIBUSDT,macd_bullish_cross,bull,6.07e-06,6.25e-06,2.965,1
20260418,20260502,14,APTUSDT,double_bottom_90d,bull,0.945,0.993,5.079,1
20260418,20260502,14,APTUSDT,downtrend,bear,0.945,0.993,5.079,0
20260418,20260502,14,XNOUSDT,breakout_30d,bull,0.52,0.435,-16.346,0
20260418,20260502,14,EGLDUSDT,double_bottom_90d,bull,4.24,4.05,-4.481,0
20260418,20260502,14,RLCUSDT,macd_bullish_cross,bull,0.444,0.439,-1.126,0
20260418,20260502,14,XVSUSDT,double_bottom_90d,bull,2.86,2.55,-10.839,0
20260418,20260502,14,TURBOUSDT,double_bottom_90d,bull,0.001137,0.001138,0.088,1
20260418,20260502,14,TURBOUSDT,uptrend,bull,0.001137,0.001138,0.088,1
20260418,20260502,14,ICPUSDT,double_bottom_90d,bull,2.513,2.322,-7.6,0
20260418,20260502,14,ICPUSDT,downtrend,bear,2.513,2.322,-7.6,1
20260418,20260502,14,UMAUSDT,double_bottom_90d,bull,0.483,0.454,-6.004,0
20260418,20260502,14,MEUSDT,bullish_engulfing_4h,bull,0.112,0.1044,-6.786,0
20260418,20260502,14,LQTYUSDT,double_bottom_90d,bull,0.307,0.303,-1.303,0
20260418,20260502,14,CHZUSDT,macd_bullish_cross,bull,0.04056,0.04118,1.529,1
20260418,20260502,14,CHZUSDT,uptrend,bull,0.04056,0.04118,1.529,1
20260418,20260502,14,TIAUSDT,resistance_test,bear,0.3997,0.3476,-13.035,1
20260418,20260502,14,RENDERUSDT,uptrend,bull,1.801,1.71,-5.053,0
20260418,20260502,14,BTCUSDT,resistance_test,bear,75885.98,78265.92,3.136,0
20260418,20260502,14,BTCUSDT,downtrend,bear,75885.98,78265.92,3.136,0
20260418,20260502,14,MAGICUSDT,uptrend,bull,0.0662,0.0644,-2.719,0
20260418,20260502,14,HAEDALUSDT,macd_bullish_cross,bull,0.03281,0.0301,-8.26,0
20260418,20260502,14,HAEDALUSDT,double_bottom_90d,bull,0.03281,0.0301,-8.26,0
20260418,20260502,14,HAEDALUSDT,uptrend,bull,0.03281,0.0301,-8.26,0
20260418,20260502,14,BFUSDUSDT,rsi_bullish_divergence,bull,0.9994,0.9995,0.01,1
20260418,20260502,14,BFUSDUSDT,resistance_test,bear,0.9994,0.9995,0.01,0
20260418,20260502,14,MANTAUSDT,double_bottom_90d,bull,0.0681,0.06945,1.982,1
20260418,20260502,14,MANTAUSDT,uptrend,bull,0.0681,0.06945,1.982,1
20260418,20260502,14,USD1USDT,macd_bullish_cross,bull,0.9999,0.9999,0.0,0
20260418,20260502,14,USD1USDT,resistance_test,bear,0.9999,0.9999,0.0,0
20260418,20260502,14,ONEUSDT,double_bottom_90d,bull,0.00234,0.00226,-3.419,0
20260418,20260502,14,ONEUSDT,uptrend,bull,0.00234,0.00226,-3.419,0
20260418,20260502,14,YGGUSDT,double_bottom_90d,bull,0.04138,0.04082,-1.353,0
20260418,20260502,14,AXLUSDT,double_bottom_90d,bull,0.0646,0.0671,3.87,1
20260418,20260502,14,RVNUSDT,macd_bullish_cross,bull,0.00599,0.00588,-1.836,0
20260418,20260502,14,SKYUSDT,macd_bullish_cross,bull,0.07638,0.08142,6.599,1
20260418,20260502,14,SKYUSDT,double_top_90d,bear,0.07638,0.08142,6.599,0
20260418,20260502,14,ALGOUSDT,double_bottom_90d,bull,0.1093,0.106,-3.019,0
20260418,20260502,14,ALGOUSDT,double_top_90d,bear,0.1093,0.106,-3.019,1
20260418,20260502,14,ALGOUSDT,uptrend,bull,0.1093,0.106,-3.019,0
20260418,20260502,14,ONDOUSDT,macd_bullish_cross,bull,0.2589,0.2697,4.171,1
20260418,20260502,14,ONDOUSDT,double_top_90d,bear,0.2589,0.2697,4.171,0
20260418,20260502,14,ONDOUSDT,downtrend,bear,0.2589,0.2697,4.171,0
20260418,20260502,14,CFXUSDT,uptrend,bull,0.06074,0.0598,-1.548,0
20260418,20260502,14,ACEUSDT,support_bounce,bull,0.133,0.118,-11.278,0
20260418,20260502,14,LUNAUSDT,double_bottom_90d,bull,0.0588,0.0687,16.837,1
20260418,20260502,14,ZECUSDT,macd_bearish_cross,bear,323.97,376.21,16.125,0
20260418,20260502,14,ZECUSDT,double_top_90d,bear,323.97,376.21,16.125,0
20260418,20260502,14,ZECUSDT,uptrend,bull,323.97,376.21,16.125,1
20260418,20260502,14,TRUMPUSDT,double_bottom_90d,bull,2.894,2.266,-21.7,0
20260418,20260502,14,VETUSDT,macd_bullish_cross,bull,0.007108,0.007143,0.492,1
20260418,20260502,14,VETUSDT,macd_bearish_cross,bear,0.007108,0.007143,0.492,0
20260418,20260502,14,VETUSDT,double_bottom_90d,bull,0.007108,0.007143,0.492,1
20260418,20260502,14,GASUSDT,macd_bullish_cross,bull,1.725,1.612,-6.551,0
20260418,20260502,14,GASUSDT,macd_bearish_cross,bear,1.725,1.612,-6.551,1
20260418,20260502,14,GASUSDT,double_bottom_90d,bull,1.725,1.612,-6.551,0
20260418,20260502,14,GASUSDT,uptrend,bull,1.725,1.612,-6.551,0
20260418,20260502,14,ARPAUSDT,double_bottom_90d,bull,0.00995,0.00994,-0.101,0
20260418,20260502,14,ARPAUSDT,double_top_90d,bear,0.00995,0.00994,-0.101,1
20260418,20260502,14,MLNUSDT,breakout_30d,bull,3.82,3.04,-20.419,0
20260418,20260502,14,MLNUSDT,macd_bullish_cross,bull,3.82,3.04,-20.419,0
20260418,20260502,14,MLNUSDT,macd_bearish_cross,bear,3.82,3.04,-20.419,1
20260418,20260502,14,MLNUSDT,double_bottom_90d,bull,3.82,3.04,-20.419,0
20260418,20260502,14,FLOKIUSDT,double_bottom_90d,bull,3.096e-05,3.209e-05,3.65,1
20260418,20260502,14,FLOKIUSDT,downtrend,bear,3.096e-05,3.209e-05,3.65,0
20260418,20260502,14,PLUMEUSDT,downtrend,bear,0.01188,0.01134,-4.545,1
20260418,20260502,14,HOTUSDT,macd_bullish_cross,bull,0.000426,0.000424,-0.469,0
20260418,20260502,14,HOTUSDT,double_bottom_90d,bull,0.000426,0.000424,-0.469,0
20260418,20260502,14,HOTUSDT,double_top_90d,bear,0.000426,0.000424,-0.469,1
20260418,20260502,14,TREEUSDT,uptrend,bull,0.0719,0.0673,-6.398,0
20260418,20260502,14,AVNTUSDT,downtrend,bear,0.1532,0.147,-4.047,1
20260418,20260502,14,AVNTUSDT,bullish_engulfing_4h,bull,0.1532,0.147,-4.047,0
20260418,20260502,14,NEIROUSDT,double_bottom_90d,bull,8.704e-05,8.99e-05,3.286,1
20260418,20260502,14,NEIROUSDT,uptrend,bull,8.704e-05,8.99e-05,3.286,1
20260418,20260502,14,NEOUSDT,double_bottom_90d,bull,2.907,2.746,-5.538,0
20260418,20260502,14,AEVOUSDT,uptrend,bull,0.0264,0.0277,4.924,1
20260418,20260502,14,PEPEUSDT,double_bottom_90d,bull,3.8e-06,3.93e-06,3.421,1
20260418,20260502,14,PEPEUSDT,downtrend,bear,3.8e-06,3.93e-06,3.421,0
20260418,20260502,14,SUPERUSDT,uptrend,bull,0.1199,0.1202,0.25,1
20260418,20260502,14,ASTERUSDT,double_top_90d,bear,0.67,0.655,-2.239,1
20260418,20260502,14,LDOUSDT,double_bottom_90d,bull,0.398,0.3734,-6.181,0
20260418,20260502,14,MUBARAKUSDT,double_bottom_90d,bull,0.01455,0.01339,-7.973,0
20260418,20260502,14,MUBARAKUSDT,uptrend,bull,0.01455,0.01339,-7.973,0
20260418,20260502,14,DYDXUSDT,macd_bullish_cross,bull,0.13608,0.14232,4.586,1
20260418,20260502,14,DYDXUSDT,double_bottom_90d,bull,0.13608,0.14232,4.586,1
20260418,20260502,14,DYDXUSDT,uptrend,bull,0.13608,0.14232,4.586,1
20260418,20260502,14,OPENUSDT,uptrend,bull,0.2285,0.2388,4.508,1
20260418,20260502,14,ATOMUSDT,double_bottom_90d,bull,1.791,1.886,5.304,1
20260418,20260502,14,ETCUSDT,uptrend,bull,8.51,8.45,-0.705,0
20260418,20260502,14,ONGUSDT,macd_bearish_cross,bear,0.08465,0.07166,-15.346,1
20260418,20260502,14,ONGUSDT,double_bottom_90d,bull,0.08465,0.07166,-15.346,0
20260418,20260502,14,ONGUSDT,uptrend,bull,0.08465,0.07166,-15.346,0
20260418,20260502,14,COMPUSDT,breakout_30d,bull,26.15,23.18,-11.358,0
20260418,20260502,14,MASKUSDT,double_bottom_90d,bull,0.474,0.511,7.806,1
20260418,20260502,14,MASKUSDT,uptrend,bull,0.474,0.511,7.806,1
20260418,20260502,14,SKLUSDT,macd_bullish_cross,bull,0.00721,0.00694,-3.745,0
20260418,20260502,14,SKLUSDT,macd_bearish_cross,bear,0.00721,0.00694,-3.745,1
20260418,20260502,14,SKLUSDT,double_bottom_90d,bull,0.00721,0.00694,-3.745,0
20260418,20260502,14,MITOUSDT,macd_bullish_cross,bull,0.03977,0.04864,22.303,1
20260418,20260502,14,MITOUSDT,double_bottom_90d,bull,0.03977,0.04864,22.303,1
20260418,20260502,14,API3USDT,breakout_30d,bull,0.4164,0.3815,-8.381,0
20260418,20260502,14,THETAUSDT,breakout_30d,bull,0.234,0.197,-15.812,0
20260418,20260502,14,KAITOUSDT,macd_bullish_cross,bull,0.4636,0.4768,2.847,1
20260418,20260502,14,KAITOUSDT,uptrend,bull,0.4636,0.4768,2.847,1
20260418,20260502,14,ARKMUSDT,rsi_bearish_divergence,bear,0.1295,0.1198,-7.49,1
20260418,20260502,14,ARKMUSDT,double_bottom_90d,bull,0.1295,0.1198,-7.49,0
20260418,20260502,14,ANKRUSDT,double_bottom_90d,bull,0.00518,0.00481,-7.143,0
20260418,20260502,14,ANKRUSDT,double_top_90d,bear,0.00518,0.00481,-7.143,1
20260418,20260502,14,ADXUSDT,breakout_30d,bull,0.0849,0.0721,-15.077,0
20260418,20260502,14,ADXUSDT,uptrend,bull,0.0849,0.0721,-15.077,0
20260418,20260502,14,OGNUSDT,double_bottom_90d,bull,0.02314,0.02346,1.383,1
20260418,20260502,14,OGNUSDT,uptrend,bull,0.02314,0.02346,1.383,1
20260418,20260502,14,CAKEUSDT,double_bottom_90d,bull,1.552,1.45,-6.572,0
20260418,20260502,14,CAKEUSDT,resistance_test,bear,1.552,1.45,-6.572,1
20260418,20260502,14,POLYXUSDT,uptrend,bull,0.0515,0.0475,-7.767,0
20260418,20260502,14,SANTOSUSDT,breakout_30d,bull,1.256,1.128,-10.191,0
20260418,20260502,14,SSVUSDT,double_bottom_90d,bull,2.605,2.764,6.104,1
20260418,20260502,14,DASHUSDT,macd_bearish_cross,bear,34.91,37.15,6.416,0
20260418,20260502,14,DASHUSDT,double_bottom_90d,bull,34.91,37.15,6.416,1
20260418,20260502,14,1000CATUSDT,double_bottom_90d,bull,0.00189,0.00186,-1.587,0
20260418,20260502,14,1000CATUSDT,uptrend,bull,0.00189,0.00186,-1.587,0
20260418,20260502,14,AAVEUSDT,downtrend,bear,111.78,91.99,-17.704,1
20260418,20260502,14,BANDUSDT,double_bottom_90d,bull,0.226,0.216,-4.425,0
20260418,20260502,14,BANDUSDT,double_top_90d,bear,0.226,0.216,-4.425,1
20260418,20260502,14,PAXGUSDT,double_top_90d,bear,4794.12,4601.37,-4.021,1
20260418,20260502,14,PAXGUSDT,support_bounce,bull,4794.12,4601.37,-4.021,0
20260418,20260502,14,POWRUSDT,double_bottom_90d,bull,0.0676,0.0624,-7.692,0
20260418,20260502,14,POWRUSDT,downtrend,bear,0.0676,0.0624,-7.692,1
20260418,20260502,14,VANRYUSDT,macd_bullish_cross,bull,0.005731,0.005171,-9.771,0
20260418,20260502,14,VANRYUSDT,macd_bearish_cross,bear,0.005731,0.005171,-9.771,1
20260418,20260502,14,VANRYUSDT,double_bottom_90d,bull,0.005731,0.005171,-9.771,0
20260418,20260502,14,VANRYUSDT,downtrend,bear,0.005731,0.005171,-9.771,1
20260418,20260502,14,LUMIAUSDT,breakout_30d,bull,0.1176,0.1711,45.493,1
20260418,20260502,14,LUMIAUSDT,uptrend,bull,0.1176,0.1711,45.493,1
20260418,20260502,14,LUMIAUSDT,bullish_engulfing_4h,bull,0.1176,0.1711,45.493,1
20260418,20260502,14,MINAUSDT,double_bottom_90d,bull,0.0597,0.0588,-1.508,0
20260418,20260502,14,MINAUSDT,uptrend,bull,0.0597,0.0588,-1.508,0
20260418,20260502,14,SPKUSDT,downtrend,bear,0.023019,0.037036,60.893,0
20260418,20260502,14,LISTAUSDT,macd_bullish_cross,bull,0.0956,0.0829,-13.285,0
20260418,20260502,14,LISTAUSDT,downtrend,bear,0.0956,0.0829,-13.285,1
20260418,20260502,14,ARBUSDT,double_bottom_90d,bull,0.1282,0.1221,-4.758,0
20260418,20260502,14,KAVAUSDT,downtrend,bear,0.05664,0.06026,6.391,0
20260418,20260502,14,GMTUSDT,downtrend,bear,0.01146,0.01081,-5.672,1
20260418,20260502,14,GRTUSDT,double_bottom_90d,bull,0.02521,0.02425,-3.808,0
20260418,20260502,14,GRTUSDT,double_top_90d,bear,0.02521,0.02425,-3.808,1
20260418,20260502,14,GRTUSDT,uptrend,bull,0.02521,0.02425,-3.808,0
20260418,20260502,14,BONKUSDT,double_top_90d,bear,6.12e-06,6.21e-06,1.471,0
20260418,20260502,14,BONKUSDT,uptrend,bull,6.12e-06,6.21e-06,1.471,1
20260418,20260502,14,CRVUSDT,double_bottom_90d,bull,0.2308,0.23,-0.347,0
20260418,20260502,14,CRVUSDT,double_top_90d,bear,0.2308,0.23,-0.347,1
20260418,20260502,14,ASRUSDT,double_bottom_90d,bull,1.372,1.234,-10.058,0
20260418,20260502,14,ANIMEUSDT,double_bottom_90d,bull,0.0048,0.0047,-2.083,0
20260418,20260502,14,ARUSDT,double_bottom_90d,bull,2.02,1.98,-1.98,0
20260418,20260502,14,ARUSDT,double_top_90d,bear,2.02,1.98,-1.98,1
20260418,20260502,14,KNCUSDT,macd_bullish_cross,bull,0.1429,0.173,21.064,1
20260418,20260502,14,KNCUSDT,double_bottom_90d,bull,0.1429,0.173,21.064,1
20260418,20260502,14,KNCUSDT,downtrend,bear,0.1429,0.173,21.064,0
20260418,20260502,14,ALCXUSDT,double_bottom_90d,bull,5.46,5.36,-1.832,0
20260418,20260502,14,ALCXUSDT,uptrend,bull,5.46,5.36,-1.832,0
20260418,20260502,14,FLUXUSDT,uptrend,bull,0.0649,0.0639,-1.541,0
20260418,20260502,14,LINEAUSDT,double_bottom_90d,bull,0.003435,0.003567,3.843,1
20260418,20260502,14,LINEAUSDT,uptrend,bull,0.003435,0.003567,3.843,1
20260418,20260502,14,ACTUSDT,double_bottom_90d,bull,0.0148,0.0141,-4.73,0
20260418,20260502,14,HFTUSDT,breakout_30d,bull,0.0163,0.0144,-11.656,0
20260418,20260502,14,HFTUSDT,downtrend,bear,0.0163,0.0144,-11.656,1
20260418,20260502,14,HFTUSDT,hammer_4h,bull,0.0163,0.0144,-11.656,0
20260418,20260502,14,FORMUSDT,downtrend,bear,0.278,0.2621,-5.719,1
20260418,20260502,14,WIFUSDT,uptrend,bull,0.205,0.187,-8.78,0
20260418,20260502,14,VTHOUSDT,uptrend,bull,0.00059,0.000563,-4.576,0
20260418,20260502,14,RONINUSDT,breakout_30d,bull,0.1013,0.0954,-5.824,0
20260418,20260502,14,RONINUSDT,double_top_90d,bear,0.1013,0.0954,-5.824,1
20260418,20260502,14,AGLDUSDT,double_top_90d,bear,0.277,0.253,-8.664,1
20260418,20260502,14,PYTHUSDT,double_bottom_90d,bull,0.0462,0.0467,1.082,1
20260418,20260502,14,DUSKUSDT,double_bottom_90d,bull,0.1617,0.1323,-18.182,0
20260418,20260502,14,DUSKUSDT,uptrend,bull,0.1617,0.1323,-18.182,0
20260418,20260502,14,SPELLUSDT,downtrend,bear,0.000169,0.0001668,-1.302,1
20260418,20260502,14,QTUMUSDT,macd_bullish_cross,bull,0.925,0.869,-6.054,0
20260418,20260502,14,QTUMUSDT,macd_bearish_cross,bear,0.925,0.869,-6.054,1
20260418,20260502,14,QTUMUSDT,double_bottom_90d,bull,0.925,0.869,-6.054,0
20260418,20260502,14,QTUMUSDT,uptrend,bull,0.925,0.869,-6.054,0
20260418,20260502,14,SOLUSDT,downtrend,bear,86.65,83.69,-3.416,1
20260418,20260502,14,ALPINEUSDT,breakout_30d,bull,0.46,0.451,-1.957,0
20260418,20260502,14,ALPINEUSDT,double_top_90d,bear,0.46,0.451,-1.957,1
20260418,20260502,14,ACMUSDT,breakout_30d,bull,0.458,0.422,-7.86,0
20260418,20260502,14,ACMUSDT,downtrend,bear,0.458,0.422,-7.86,1
20260418,20260502,14,PENGUUSDT,downtrend,bear,0.007377,0.010176,37.942,0
20260418,20260502,14,CHRUSDT,uptrend,bull,0.02044,0.02831,38.503,1
20260418,20260502,14,CTSIUSDT,macd_bullish_cross,bull,0.03537,0.0338,-4.439,0
20260418,20260502,14,CTSIUSDT,uptrend,bull,0.03537,0.0338,-4.439,0
20260418,20260502,14,FARMUSDT,double_bottom_90d,bull,12.33,11.63,-5.677,0
20260418,20260502,14,FARMUSDT,downtrend,bear,12.33,11.63,-5.677,1
20260418,20260502,14,ACXUSDT,macd_bullish_cross,bull,0.0457,0.0433,-5.252,0
20260418,20260502,14,ACXUSDT,double_bottom_90d,bull,0.0457,0.0433,-5.252,0
20260418,20260502,14,ACXUSDT,uptrend,bull,0.0457,0.0433,-5.252,0
20260418,20260502,14,ZRXUSDT,uptrend,bull,0.109,0.1091,0.092,1
20260418,20260502,14,BIGTIMEUSDT,double_top_90d,bear,0.01408,0.01364,-3.125,1
20260418,20260502,14,VANAUSDT,double_top_90d,bear,1.384,1.55,11.994,0
20260418,20260502,14,TOWNSUSDT,macd_bullish_cross,bull,0.00337,0.00334,-0.89,0
20260418,20260502,14,TOWNSUSDT,downtrend,bear,0.00337,0.00334,-0.89,1
20260418,20260502,14,CETUSUSDT,macd_bullish_cross,bull,0.02231,0.02822,26.49,1
20260418,20260502,14,CETUSUSDT,uptrend,bull,0.02231,0.02822,26.49,1
20260418,20260502,14,AUSDT,double_bottom_90d,bull,0.0817,0.0881,7.834,1
20260418,20260502,14,AUSDT,double_top_90d,bear,0.0817,0.0881,7.834,0
20260418,20260502,14,AUSDT,uptrend,bull,0.0817,0.0881,7.834,1
20260418,20260502,14,REQUSDT,breakout_30d,bull,0.1124,0.069,-38.612,0
20260418,20260502,14,REQUSDT,double_bottom_90d,bull,0.1124,0.069,-38.612,0
20260418,20260502,14,REQUSDT,resistance_test,bear,0.1124,0.069,-38.612,1
20260418,20260502,14,1MBABYDOGEUSDT,double_bottom_90d,bull,0.0004219,0.0004127,-2.181,0
20260418,20260502,14,SOLVUSDT,uptrend,bull,0.00418,0.00457,9.33,1
20260418,20260502,14,CELOUSDT,macd_bullish_cross,bull,0.08465,0.09152,8.116,1
20260418,20260502,14,CELOUSDT,uptrend,bull,0.08465,0.09152,8.116,1
20260418,20260502,14,MANAUSDT,uptrend,bull,0.0927,0.0895,-3.452,0
20260418,20260502,14,SHELLUSDT,double_bottom_90d,bull,0.0334,0.0364,8.982,1
20260418,20260502,14,SCRUSDT,bullish_engulfing_4h,bull,0.05293,0.04483,-15.303,0
20260418,20260502,14,DODOUSDT,bullish_engulfing_4h,bull,0.01898,0.01981,4.373,1
20260418,20260502,14,EPICUSDT,uptrend,bull,0.303,0.319,5.281,1
20260418,20260502,14,SCRTUSDT,double_bottom_90d,bull,0.0989,0.102,3.134,1
20260418,20260502,14,TSTUSDT,downtrend,bear,0.0118,0.01062,-10.0,1
20260418,20260502,14,PYRUSDT,double_bottom_90d,bull,0.272,0.273,0.368,1
20260418,20260502,14,PYRUSDT,uptrend,bull,0.272,0.273,0.368,1
20260418,20260502,14,AVAUSDT,breakout_30d,bull,0.2429,0.2671,9.963,1
20260418,20260502,14,AVAUSDT,double_bottom_90d,bull,0.2429,0.2671,9.963,1
20260418,20260502,14,AVAUSDT,resistance_test,bear,0.2429,0.2671,9.963,0
20260418,20260502,14,AVAUSDT,bullish_engulfing_4h,bull,0.2429,0.2671,9.963,1
20260418,20260502,14,CATIUSDT,uptrend,bull,0.0491,0.0508,3.462,1
20260418,20260502,14,STRAXUSDT,double_bottom_90d,bull,0.01388,0.01298,-6.484,0
20260418,20260502,14,STRAXUSDT,uptrend,bull,0.01388,0.01298,-6.484,0
20260418,20260502,14,ILVUSDT,uptrend,bull,4.81,4.74,-1.455,0
20260418,20260502,14,ILVUSDT,evening_star_4h,bear,4.81,4.74,-1.455,1
20260418,20260502,14,XAIUSDT,double_bottom_90d,bull,0.01124,0.011,-2.135,0
20260418,20260502,14,BICOUSDT,macd_bullish_cross,bull,0.0246,0.0251,2.033,1
20260418,20260502,14,BICOUSDT,double_bottom_90d,bull,0.0246,0.0251,2.033,1
20260418,20260502,14,SANDUSDT,double_bottom_90d,bull,0.0813,0.0713,-12.3,0
20260418,20260502,14,SANDUSDT,double_top_90d,bear,0.0813,0.0713,-12.3,1
20260418,20260502,14,ENAUSDT,downtrend,bear,0.1217,0.1016,-16.516,1
20260418,20260502,14,INJUSDT,double_bottom_90d,bull,3.244,3.726,14.858,1
20260418,20260502,14,INJUSDT,downtrend,bear,3.244,3.726,14.858,0
20260418,20260502,14,SUSDT,double_bottom_90d,bull,0.04499,0.04334,-3.667,0
20260418,20260502,14,SUSDT,double_top_90d,bear,0.04499,0.04334,-3.667,1
20260418,20260502,14,PIXELUSDT,downtrend,bear,0.00833,0.00787,-5.522,1
20260418,20260502,14,VICUSDT,uptrend,bull,0.0619,0.0439,-29.079,0
20260418,20260502,14,TUTUSDT,double_top_90d,bear,0.01133,0.01062,-6.267,1
20260418,20260502,14,POLUSDT,macd_bullish_cross,bull,0.0895,0.0971,8.492,1
20260418,20260502,14,POLUSDT,double_top_90d,bear,0.0895,0.0971,8.492,0
20260418,20260502,14,POLUSDT,downtrend,bear,0.0895,0.0971,8.492,0
20260418,20260502,14,2ZUSDT,macd_bullish_cross,bull,0.09035,0.08171,-9.563,0
20260418,20260502,14,2ZUSDT,double_bottom_90d,bull,0.09035,0.08171,-9.563,0
20260418,20260502,14,2ZUSDT,uptrend,bull,0.09035,0.08171,-9.563,0
20260418,20260502,14,PORTOUSDT,double_bottom_90d,bull,1.032,0.827,-19.864,0
20260418,20260502,14,PORTOUSDT,double_top_90d,bear,1.032,0.827,-19.864,1
20260418,20260502,14,VIRTUALUSDT,downtrend,bear,0.7145,0.7,-2.029,1
20260418,20260502,14,1000CHEEMSUSDT,double_bottom_90d,bull,0.000565,0.000601,6.372,1
20260418,20260502,14,1000CHEEMSUSDT,downtrend,bear,0.000565,0.000601,6.372,0
20260418,20260502,14,PEOPLEUSDT,uptrend,bull,0.00775,0.00775,0.0,0
20260418,20260502,14,PUMPUSDT,downtrend,bear,0.001885,0.001812,-3.873,1
20260418,20260502,14,HEIUSDT,rsi_bearish_divergence,bear,0.089,0.0812,-8.764,1
20260418,20260502,14,HEIUSDT,double_bottom_90d,bull,0.089,0.0812,-8.764,0
20260418,20260502,14,HEIUSDT,downtrend,bear,0.089,0.0812,-8.764,1
20260418,20260502,14,SLPUSDT,downtrend,bear,0.000658,0.000701,6.535,0
20260418,20260502,14,HMSTRUSDT,downtrend,bear,0.000158,0.0001524,-3.544,1
20260418,20260502,14,PROMUSDT,breakout_30d,bull,2.1,1.997,-4.905,0
20260418,20260502,14,PROMUSDT,double_bottom_90d,bull,2.1,1.997,-4.905,0
20260418,20260502,14,AXSUSDT,double_bottom_90d,bull,1.134,1.379,21.605,1
20260418,20260502,14,BROCCOLI714USDT,double_bottom_90d,bull,0.01576,0.01726,9.518,1
20260418,20260502,14,HBARUSDT,macd_bullish_cross,bull,0.08889,0.08767,-1.372,0
20260418,20260502,14,HBARUSDT,macd_bearish_cross,bear,0.08889,0.08767,-1.372,1
20260418,20260502,14,HBARUSDT,double_top_90d,bear,0.08889,0.08767,-1.372,1
20260418,20260502,14,WLDUSDT,double_bottom_90d,bull,0.2686,0.2345,-12.695,0
20260418,20260502,14,WLDUSDT,downtrend,bear,0.2686,0.2345,-12.695,1
20260418,20260502,14,CGPTUSDT,double_bottom_90d,bull,0.02236,0.02904,29.875,1
20260418,20260502,14,NXPCUSDT,macd_bullish_cross,bull,0.2919,0.2962,1.473,1
20260418,20260502,14,NXPCUSDT,macd_bearish_cross,bear,0.2919,0.2962,1.473,0
20260418,20260502,14,NXPCUSDT,double_bottom_90d,bull,0.2919,0.2962,1.473,1
20260418,20260502,14,NXPCUSDT,double_top_90d,bear,0.2919,0.2962,1.473,0
20260418,20260502,14,UUSDT,resistance_test,bear,0.9996,1.0,0.04,0
20260418,20260502,14,DIAUSDT,resistance_test,bear,0.208,0.1903,-8.51,1
20260418,20260502,14,YBUSDT,uptrend,bull,0.1361,0.1128,-17.12,0
20260418,20260502,14,FDUSDUSDT,rsi_bullish_divergence,bull,0.9993,0.999,-0.03,0
20260418,20260502,14,FDUSDUSDT,macd_bearish_cross,bear,0.9993,0.999,-0.03,1
20260418,20260502,14,ERAUSDT,rsi_bearish_divergence,bear,0.1384,0.1369,-1.084,1
20260418,20260502,14,ERAUSDT,double_bottom_90d,bull,0.1384,0.1369,-1.084,0
20260418,20260502,14,PORTALUSDT,downtrend,bear,0.01203,0.01152,-4.239,1
20260418,20260502,14,SFPUSDT,macd_bullish_cross,bull,0.3096,0.3196,3.23,1
20260418,20260502,14,SFPUSDT,resistance_test,bear,0.3096,0.3196,3.23,0
20260418,20260502,14,SFPUSDT,uptrend,bull,0.3096,0.3196,3.23,1
20260418,20260502,14,AUCTIONUSDT,downtrend,bear,4.88,4.76,-2.459,1
20260418,20260502,14,BOMEUSDT,double_bottom_90d,bull,0.000502,0.000512,1.992,1
20260418,20260502,14,BOMEUSDT,resistance_test,bear,0.000502,0.000512,1.992,0
20260418,20260502,14,BOMEUSDT,downtrend,bear,0.000502,0.000512,1.992,0
20260418,20260502,14,IMXUSDT,double_bottom_90d,bull,0.1649,0.1667,1.092,1
20260418,20260502,14,OGUSDT,rsi_bearish_divergence,bear,3.24,2.97,-8.333,1
20260418,20260502,14,OGUSDT,bullish_engulfing_4h,bull,3.24,2.97,-8.333,0
20260418,20260502,14,JASMYUSDT,double_top_90d,bear,0.00569,0.00561,-1.406,1
20260418,20260502,14,JASMYUSDT,downtrend,bear,0.00569,0.00561,-1.406,1
20260418,20260502,14,CELRUSDT,macd_bullish_cross,bull,0.002626,0.00276,5.103,1
20260418,20260502,14,BATUSDT,double_bottom_90d,bull,0.1013,0.0966,-4.64,0
20260418,20260502,14,BATUSDT,uptrend,bull,0.1013,0.0966,-4.64,0
20260418,20260502,14,BLURUSDT,rsi_bearish_divergence,bear,0.02658,0.02673,0.564,0
20260418,20260502,14,BLURUSDT,double_bottom_90d,bull,0.02658,0.02673,0.564,1
20260418,20260502,14,BLURUSDT,double_top_90d,bear,0.02658,0.02673,0.564,0
20260418,20260502,14,DOTUSDT,macd_bullish_cross,bull,1.286,1.2,-6.687,0
20260418,20260502,14,DOTUSDT,macd_bearish_cross,bear,1.286,1.2,-6.687,1
20260418,20260502,14,DOTUSDT,downtrend,bear,1.286,1.2,-6.687,1
20260418,20260502,14,TUSDT,double_bottom_90d,bull,0.00642,0.00594,-7.477,0
20260418,20260502,14,TUSDT,double_top_90d,bear,0.00642,0.00594,-7.477,1
20260418,20260502,14,TUSDT,downtrend,bear,0.00642,0.00594,-7.477,1
20260418,20260502,14,NFPUSDT,downtrend,bear,0.01585,0.01776,12.05,0
20260418,20260502,14,ENSUSDT,downtrend,bear,6.03,6.05,0.332,0
20260418,20260502,14,RSRUSDT,double_bottom_90d,bull,0.00168,0.001665,-0.893,0
20260418,20260502,14,RSRUSDT,double_top_90d,bear,0.00168,0.001665,-0.893,1
20260418,20260502,14,RSRUSDT,downtrend,bear,0.00168,0.001665,-0.893,1
20260418,20260502,14,USDCUSDT,resistance_test,bear,0.99955,1.00001,0.046,0
20260418,20260502,14,PSGUSDT,double_top_90d,bear,0.882,0.746,-15.42,1
20260418,20260502,14,PSGUSDT,uptrend,bull,0.882,0.746,-15.42,0
20260418,20260502,14,HEMIUSDT,uptrend,bull,0.00785,0.00722,-8.025,0
20260418,20260502,14,C98USDT,macd_bullish_cross,bull,0.0232,0.02,-13.793,0
20260418,20260502,14,C98USDT,double_top_90d,bear,0.0232,0.02,-13.793,1
20260418,20260502,14,C98USDT,support_bounce,bull,0.0232,0.02,-13.793,0
20260418,20260502,14,C98USDT,downtrend,bear,0.0232,0.02,-13.793,1
20260418,20260502,14,C98USDT,bullish_engulfing_4h,bull,0.0232,0.02,-13.793,0
20260418,20260502,14,GPSUSDT,downtrend,bear,0.00929,0.00768,-17.33,1
20260418,20260502,14,MEMEUSDT,double_bottom_90d,bull,0.000555,0.000562,1.261,1
20260418,20260502,14,MEMEUSDT,double_top_90d,bear,0.000555,0.000562,1.261,0
20260418,20260502,14,JOEUSDT,double_bottom_90d,bull,0.0465,0.0478,2.796,1
20260418,20260502,14,FLOWUSDT,double_bottom_90d,bull,0.03564,0.04315,21.072,1
20260418,20260502,14,BABYUSDT,double_bottom_90d,bull,0.01596,0.01683,5.451,1
20260418,20260502,14,QNTUSDT,macd_bearish_cross,bear,74.49,68.48,-8.068,1
20260418,20260502,14,QNTUSDT,double_top_90d,bear,74.49,68.48,-8.068,1
20260418,20260502,14,ORCAUSDT,uptrend,bull,0.922,2.023,119.414,1
20260418,20260502,14,ALICEUSDT,breakout_30d,bull,0.1952,0.1467,-24.846,0
20260418,20260502,14,ALICEUSDT,uptrend,bull,0.1952,0.1467,-24.846,0
20260418,20260502,14,WALUSDT,macd_bullish_cross,bull,0.0738,0.0705,-4.472,0
20260418,20260502,14,WALUSDT,macd_bearish_cross,bear,0.0738,0.0705,-4.472,1
20260418,20260502,14,WALUSDT,downtrend,bear,0.0738,0.0705,-4.472,1
20260418,20260502,14,SYSUSDT,macd_bullish_cross,bull,0.01113,0.0092,-17.341,0
20260418,20260502,14,SYSUSDT,macd_bearish_cross,bear,0.01113,0.0092,-17.341,1
20260418,20260502,14,ICXUSDT,double_bottom_90d,bull,0.0393,0.0362,-7.888,0
20260418,20260502,14,GMXUSDT,double_top_90d,bear,6.73,7.07,5.052,0
20260418,20260502,14,GMXUSDT,downtrend,bear,6.73,7.07,5.052,0
20260418,20260502,14,AIXBTUSDT,double_bottom_90d,bull,0.0271,0.0297,9.594,1
20260418,20260502,14,AIXBTUSDT,double_top_90d,bear,0.0271,0.0297,9.594,0
20260418,20260502,14,BBUSDT,double_top_90d,bear,0.0261,0.0315,20.69,0
20260418,20260502,14,ZENUSDT,double_bottom_90d,bull,5.839,6.184,5.909,1
20260418,20260502,14,ZENUSDT,double_top_90d,bear,5.839,6.184,5.909,0
20260418,20260502,14,GLMUSDT,double_bottom_90d,bull,0.1334,0.1409,5.622,1
20260418,20260502,14,GLMUSDT,downtrend,bear,0.1334,0.1409,5.622,0
20260418,20260502,14,BCHUSDT,macd_bullish_cross,bull,445.7,448.8,0.696,1
20260418,20260502,14,BCHUSDT,downtrend,bear,445.7,448.8,0.696,0
20260418,20260502,14,UNIUSDT,downtrend,bear,3.367,3.201,-4.93,1
20260418,20260502,14,NEXOUSDT,double_top_90d,bear,0.899,0.909,1.112,0
20260418,20260502,14,PENDLEUSDT,resistance_test,bear,1.376,1.528,11.047,0
20260418,20260502,14,PENDLEUSDT,downtrend,bear,1.376,1.528,11.047,0
20260418,20260502,14,RAYUSDT,downtrend,bear,0.666,0.822,23.423,0
20260418,20260502,14,YFIUSDT,double_bottom_90d,bull,2698.0,2625.0,-2.706,0
20260418,20260502,14,YFIUSDT,downtrend,bear,2698.0,2625.0,-2.706,1
20260418,20260502,14,PHBUSDT,double_top_90d,bear,0.119,0.111,-6.723,1
20260418,20260502,14,PHBUSDT,downtrend,bear,0.119,0.111,-6.723,1
20260418,20260502,14,EIGENUSDT,downtrend,bear,0.1854,0.177,-4.531,1
20260418,20260502,14,STGUSDT,double_bottom_90d,bull,0.2245,0.2204,-1.826,0
20260418,20260502,14,STXUSDT,double_bottom_90d,bull,0.2318,0.2222,-4.142,0
20260418,20260502,14,DUSDT,uptrend,bull,0.00932,0.01263,35.515,1
20260418,20260502,14,DUSDT,bearish_engulfing_4h,bear,0.00932,0.01263,35.515,0
20260418,20260502,14,ATUSDT,double_bottom_90d,bull,0.1682,0.1771,5.291,1
20260418,20260502,14,FRAXUSDT,downtrend,bear,0.4779,0.4605,-3.641,1
20260418,20260502,14,BMTUSDT,double_top_90d,bear,0.01687,0.01516,-10.136,1
20260418,20260502,14,ZBTUSDT,resistance_test,bear,0.1103,0.1921,74.161,0
20260418,20260502,14,ZBTUSDT,uptrend,bull,0.1103,0.1921,74.161,1
20260418,20260502,14,MORPHOUSDT,rsi_bearish_divergence,bear,1.951,1.979,1.435,0
20260418,20260502,14,ZILUSDT,downtrend,bear,0.00406,0.00401,-1.232,1
20260418,20260502,14,XECUSDT,double_bottom_90d,bull,7.17e-06,7.05e-06,-1.674,0
20260418,20260502,14,XECUSDT,downtrend,bear,7.17e-06,7.05e-06,-1.674,1
20260418,20260502,14,CUSDT,double_bottom_90d,bull,0.0756,0.076,0.529,1
20260418,20260502,14,CUSDT,double_top_90d,bear,0.0756,0.076,0.529,0
20260418,20260502,14,VELODROMEUSDT,downtrend,bear,0.01671,0.01715,2.633,0
20260418,20260502,14,FOGOUSDT,uptrend,bull,0.01995,0.01731,-13.233,0
20260418,20260502,14,SYNUSDT,macd_bullish_cross,bull,0.0522,0.0524,0.383,1
20260418,20260502,14,SYNUSDT,uptrend,bull,0.0522,0.0524,0.383,1
20260418,20260502,14,DYMUSDT,macd_bullish_cross,bull,0.0202,0.0183,-9.406,0
20260418,20260502,14,HIGHUSDT,breakout_30d,bull,0.404,0.216,-46.535,0
20260418,20260502,14,HIGHUSDT,macd_bullish_cross,bull,0.404,0.216,-46.535,0
20260418,20260502,14,HIGHUSDT,downtrend,bear,0.404,0.216,-46.535,1
20260418,20260502,14,NOTUSDT,double_bottom_90d,bull,0.000397,0.000381,-4.03,0
20260418,20260502,14,NOTUSDT,double_top_90d,bear,0.000397,0.000381,-4.03,1
20260418,20260502,14,LAYERUSDT,uptrend,bull,0.0855,0.083,-2.924,0
20260418,20260502,14,XPLUSDT,macd_bearish_cross,bear,0.117,0.0915,-21.795,1
20260418,20260502,14,PHAUSDT,macd_bearish_cross,bear,0.0341,0.0323,-5.279,1
20260418,20260502,14,PHAUSDT,uptrend,bull,0.0341,0.0323,-5.279,0
20260418,20260502,14,AIUSDT,breakout_30d,bull,0.0236,0.0231,-2.119,0
20260418,20260502,14,AIUSDT,double_top_90d,bear,0.0236,0.0231,-2.119,1
20260418,20260502,14,AIUSDT,downtrend,bear,0.0236,0.0231,-2.119,1
20260418,20260502,14,KGSTUSDT,resistance_test,bear,0.0114,0.01142,0.175,0
20260418,20260502,14,DOLOUSDT,macd_bullish_cross,bull,0.03556,0.0311,-12.542,0
20260418,20260502,14,DOLOUSDT,macd_bearish_cross,bear,0.03556,0.0311,-12.542,1
20260418,20260502,14,DOLOUSDT,double_bottom_90d,bull,0.03556,0.0311,-12.542,0
20260418,20260502,14,DOLOUSDT,double_top_90d,bear,0.03556,0.0311,-12.542,1
20260418,20260502,14,DOLOUSDT,uptrend,bull,0.03556,0.0311,-12.542,0
20260418,20260502,14,SOMIUSDT,double_bottom_90d,bull,0.1791,0.182,1.619,1
20260418,20260502,14,SOMIUSDT,downtrend,bear,0.1791,0.182,1.619,0
20260418,20260502,14,HUMAUSDT,bullish_engulfing_4h,bull,0.01913,0.02158,12.807,1
20260418,20260502,14,GUSDT,double_bottom_90d,bull,0.00385,0.00356,-7.532,0
20260418,20260502,14,HYPERUSDT,double_top_90d,bear,0.0997,0.1199,20.261,0
20260418,20260502,14,HYPERUSDT,downtrend,bear,0.0997,0.1199,20.261,0
20260418,20260502,14,ETHFIUSDT,macd_bullish_cross,bull,0.487,0.409,-16.016,0
20260418,20260502,14,ETHFIUSDT,double_top_90d,bear,0.487,0.409,-16.016,1
20260418,20260502,14,GNSUSDT,macd_bullish_cross,bull,0.735,0.533,-27.483,0
20260418,20260502,14,GNSUSDT,macd_bearish_cross,bear,0.735,0.533,-27.483,1
20260418,20260502,14,GNSUSDT,double_bottom_90d,bull,0.735,0.533,-27.483,0
20260418,20260502,14,GNSUSDT,downtrend,bear,0.735,0.533,-27.483,1
20260418,20260502,14,FTTUSDT,double_bottom_90d,bull,0.3091,0.2867,-7.247,0
20260418,20260502,14,FTTUSDT,downtrend,bear,0.3091,0.2867,-7.247,1
20260418,20260502,14,STORJUSDT,double_bottom_90d,bull,0.1039,0.0956,-7.988,0
20260418,20260502,14,TURTLEUSDT,double_bottom_90d,bull,0.0487,0.0483,-0.821,0
20260418,20260502,14,TURTLEUSDT,uptrend,bull,0.0487,0.0483,-0.821,0
20260418,20260502,14,REDUSDT,macd_bearish_cross,bear,0.139,0.1306,-6.043,1
20260418,20260502,14,PONDUSDT,double_top_90d,bear,0.0025,0.00217,-13.2,1
20260418,20260502,14,IOTAUSDT,macd_bullish_cross,bull,0.0578,0.0545,-5.709,0
20260418,20260502,14,IOTAUSDT,macd_bearish_cross,bear,0.0578,0.0545,-5.709,1
20260418,20260502,14,IOTAUSDT,double_bottom_90d,bull,0.0578,0.0545,-5.709,0
20260418,20260502,14,IOTAUSDT,double_top_90d,bear,0.0578,0.0545,-5.709,1
20260418,20260502,14,ASTRUSDT,downtrend,bear,0.008066,0.007984,-1.017,1
20260418,20260502,14,KMNOUSDT,downtrend,bear,0.0218,0.02178,-0.092,1
20260418,20260502,14,QUICKUSDT,uptrend,bull,0.01163,0.0096,-17.455,0
20260418,20260502,14,STRKUSDT,double_bottom_90d,bull,0.0356,0.0393,10.393,1
20260418,20260502,14,ZROUSDT,macd_bearish_cross,bear,1.884,1.378,-26.858,1
20260418,20260502,14,ZROUSDT,double_bottom_90d,bull,1.884,1.378,-26.858,0
20260418,20260502,14,ZROUSDT,downtrend,bear,1.884,1.378,-26.858,1
20260418,20260502,14,GIGGLEUSDT,downtrend,bear,36.29,29.88,-17.663,1
20260418,20260502,14,WOOUSDT,uptrend,bull,0.0188,0.019,1.064,1
20260418,20260502,14,DGBUSDT,macd_bearish_cross,bear,0.00453,0.00369,-18.543,1
20260418,20260502,14,DGBUSDT,double_top_90d,bear,0.00453,0.00369,-18.543,1
20260418,20260502,14,WUSDT,macd_bullish_cross,bull,0.0125,0.0128,2.4,1
20260418,20260502,14,WUSDT,downtrend,bear,0.0125,0.0128,2.4,0
20260418,20260502,14,CITYUSDT,double_top_90d,bear,0.662,0.625,-5.589,1
20260418,20260502,14,COTIUSDT,macd_bullish_cross,bull,0.01486,0.01375,-7.47,0
20260418,20260502,14,COTIUSDT,macd_bearish_cross,bear,0.01486,0.01375,-7.47,1
20260418,20260502,14,COTIUSDT,resistance_test,bear,0.01486,0.01375,-7.47,1
20260418,20260502,14,QKCUSDT,double_bottom_90d,bull,0.003249,0.003048,-6.187,0
20260418,20260502,14,AEURUSDT,death_cross,bear,1.1603,1.1594,-0.078,1
20260418,20260502,14,SXTUSDT,support_bounce,bull,0.01699,0.01623,-4.473,0
20260418,20260502,14,ALTUSDT,downtrend,bear,0.00731,0.00756,3.42,0
20260418,20260502,14,COSUSDT,evening_star_4h,bear,0.001214,0.001154,-4.942,1
20260418,20260502,14,BEAMXUSDT,downtrend,bear,0.002006,0.001914,-4.586,1
20260418,20260502,14,ZKUSDT,downtrend,bear,0.01629,0.01532,-5.955,1
20260418,20260502,14,KERNELUSDT,rsi_bullish_divergence,bull,0.0822,0.0615,-25.182,0
20260418,20260502,14,KERNELUSDT,uptrend,bull,0.0822,0.0615,-25.182,0
20260418,20260502,14,AWEUSDT,downtrend,bear,0.05463,0.05517,0.988,0
20260418,20260502,14,THEUSDT,double_bottom_90d,bull,0.1118,0.0993,-11.181,0
20260418,20260502,14,THEUSDT,evening_star_4h,bear,0.1118,0.0993,-11.181,1
20260418,20260502,14,TUSDUSDT,macd_bearish_cross,bear,0.9991,0.9988,-0.03,1
20260418,20260502,14,TUSDUSDT,resistance_test,bear,0.9991,0.9988,-0.03,1
20260418,20260502,14,TUSDUSDT,uptrend,bull,0.9991,0.9988,-0.03,0
20260418,20260502,14,SAHARAUSDT,macd_bullish_cross,bull,0.02238,0.02303,2.904,1
20260418,20260502,14,BARUSDT,macd_bearish_cross,bear,0.495,0.431,-12.929,1
20260418,20260502,14,FFUSDT,macd_bearish_cross,bear,0.0722,0.06216,-13.906,1
20260418,20260502,14,WBTCUSDT,resistance_test,bear,75702.44,78041.31,3.09,0
20260418,20260502,14,WBTCUSDT,downtrend,bear,75702.44,78041.31,3.09,0
20260418,20260502,14,NOMUSDT,support_bounce,bull,0.00341,0.00263,-22.874,0
20260418,20260502,14,NOMUSDT,downtrend,bear,0.00341,0.00263,-22.874,1
20260418,20260502,14,STOUSDT,uptrend,bull,0.0938,0.0893,-4.797,0
20260418,20260502,14,FUSDT,double_bottom_90d,bull,0.00557,0.00543,-2.513,0
20260418,20260502,14,FUSDT,downtrend,bear,0.00557,0.00543,-2.513,1
20260418,20260502,14,BANANAS31USDT,downtrend,bear,0.009868,0.009876,0.081,0
20260418,20260502,14,STEEMUSDT,macd_bullish_cross,bull,0.05912,0.05618,-4.973,0
20260418,20260502,14,RIFUSDT,downtrend,bear,0.0441,0.0524,18.821,0
20260418,20260502,14,币安人生USDT,breakout_30d,bull,0.455,0.3573,-21.473,0
20260418,20260502,14,币安人生USDT,downtrend,bear,0.455,0.3573,-21.473,1
20260418,20260502,14,WLFIUSDT,downtrend,bear,0.0791,0.0542,-31.479,1
20260418,20260502,14,DCRUSDT,double_bottom_90d,bull,20.61,18.76,-8.976,0
20260418,20260502,14,DCRUSDT,downtrend,bear,20.61,18.76,-8.976,1
20260418,20260502,14,ZKCUSDT,double_bottom_90d,bull,0.0745,0.0738,-0.94,0
20260418,20260502,14,ZKCUSDT,hammer_4h,bull,0.0745,0.0738,-0.94,0
20260418,20260502,14,BTTCUSDT,double_top_90d,bear,3.2e-07,3.2e-07,0.0,0
20260418,20260502,14,SAGAUSDT,breakdown_30d,bear,0.02345,0.0173,-26.226,1
20260418,20260502,14,SAGAUSDT,macd_bearish_cross,bear,0.02345,0.0173,-26.226,1
20260418,20260502,14,SAGAUSDT,uptrend,bull,0.02345,0.0173,-26.226,0
20260418,20260502,14,ZAMAUSDT,downtrend,bear,0.02719,0.02704,-0.552,1
20260418,20260502,14,GNOUSDT,macd_bullish_cross,bull,124.13,125.0,0.701,1
20260418,20260502,14,GNOUSDT,double_top_90d,bear,124.13,125.0,0.701,0
20260418,20260502,14,GNOUSDT,downtrend,bear,124.13,125.0,0.701,0
20260418,20260502,14,IDUSDT,downtrend,bear,0.0326,0.0311,-4.601,1
20260418,20260502,14,COWUSDT,macd_bearish_cross,bear,0.1892,0.1847,-2.378,1
20260418,20260502,14,COWUSDT,downtrend,bear,0.1892,0.1847,-2.378,1
20260418,20260502,14,PIVXUSDT,macd_bearish_cross,bear,0.0814,0.0676,-16.953,1
20260418,20260502,14,PIVXUSDT,double_top_90d,bear,0.0814,0.0676,-16.953,1
20260418,20260502,14,PIVXUSDT,uptrend,bull,0.0814,0.0676,-16.953,0
20260418,20260502,14,PROVEUSDT,downtrend,bear,0.2372,0.2443,2.993,0
20260418,20260502,14,CVXUSDT,double_top_90d,bear,1.843,1.732,-6.023,1
20260418,20260502,14,CVXUSDT,uptrend,bull,1.843,1.732,-6.023,0
20260418,20260502,14,LAUSDT,macd_bullish_cross,bull,0.1643,0.1368,-16.738,0
20260418,20260502,14,LAUSDT,double_bottom_90d,bull,0.1643,0.1368,-16.738,0
20260418,20260502,14,LAUSDT,downtrend,bear,0.1643,0.1368,-16.738,1
20260418,20260502,14,ACHUSDT,downtrend,bear,0.00627,0.00747,19.139,0
20260418,20260502,14,BERAUSDT,downtrend,bear,0.414,0.365,-11.836,1
20260418,20260502,14,USDPUSDT,support_bounce,bull,0.9996,1.0001,0.05,1
20260418,20260502,14,USDPUSDT,resistance_test,bear,0.9996,1.0001,0.05,0
20260418,20260502,14,USDPUSDT,uptrend,bull,0.9996,1.0001,0.05,1
20260418,20260502,14,ALLOUSDT,downtrend,bear,0.11,0.1204,9.455,0
20260418,20260502,14,BNSOLUSDT,downtrend,bear,96.1,92.9,-3.33,1
20260418,20260502,14,HOMEUSDT,downtrend,bear,0.01833,0.01441,-21.386,1
20260418,20260502,14,KITEUSDT,double_bottom_90d,bull,0.1427,0.1494,4.695,1
20260418,20260502,14,KITEUSDT,downtrend,bear,0.1427,0.1494,4.695,0
20260418,20260502,14,ESPUSDT,uptrend,bull,0.07582,0.06732,-11.211,0
20260418,20260502,14,XVGUSDT,macd_bearish_cross,bear,0.003439,0.003175,-7.677,1
20260418,20260502,14,XVGUSDT,downtrend,bear,0.003439,0.003175,-7.677,1
20260418,20260502,14,RESOLVUSDT,rsi_bullish_divergence,bull,0.0336,0.0286,-14.881,0
20260418,20260502,14,RESOLVUSDT,downtrend,bear,0.0336,0.0286,-14.881,1
20260418,20260502,14,PARTIUSDT,rsi_bullish_divergence,bull,0.0426,0.0404,-5.164,0
20260418,20260502,14,PARTIUSDT,double_top_90d,bear,0.0426,0.0404,-5.164,1
20260418,20260502,14,PARTIUSDT,downtrend,bear,0.0426,0.0404,-5.164,1
20260418,20260502,14,SENTUSDT,downtrend,bear,0.01633,0.01714,4.96,0
20260418,20260502,14,ENSOUSDT,downtrend,bear,0.868,0.983,13.249,0
20260418,20260502,14,GUNUSDT,downtrend,bear,0.01524,0.01428,-6.299,1
20260418,20260502,14,SIGNUSDT,downtrend,bear,0.0189,0.01555,-17.725,1
20260419,20260503,14,TRXUSDT,macd_bullish_cross,bull,0.3298,0.3304,0.182,1
20260419,20260503,14,TRXUSDT,resistance_test,bear,0.3298,0.3304,0.182,0
20260419,20260503,14,NEARUSDT,bull_flag,bull,1.369,1.297,-5.259,0
20260419,20260503,14,ONTUSDT,double_bottom_90d,bull,0.08068,0.07102,-11.973,0
20260419,20260503,14,ONTUSDT,uptrend,bull,0.08068,0.07102,-11.973,0
20260419,20260503,14,ONTUSDT,bullish_engulfing_4h,bull,0.08068,0.07102,-11.973,0
20260419,20260503,14,JSTUSDT,macd_bearish_cross,bear,0.07091,0.08364,17.952,0
20260419,20260503,14,JSTUSDT,double_bottom_90d,bull,0.07091,0.08364,17.952,1
20260419,20260503,14,ETHUSDT,double_bottom_90d,bull,2361.04,2313.43,-2.016,0
20260419,20260503,14,XLMUSDT,macd_bullish_cross,bull,0.1692,0.1596,-5.674,0
20260419,20260503,14,XLMUSDT,double_top_90d,bear,0.1692,0.1596,-5.674,1
20260419,20260503,14,LUNCUSDT,golden_cross,bull,4.342e-05,9.006e-05,107.416,1
20260419,20260503,14,TONUSDT,double_top_90d,bear,1.371,1.342,-2.115,1
20260419,20260503,14,DOGEUSDT,downtrend,bear,0.09556,0.10816,13.185,0
20260419,20260503,14,DEXEUSDT,breakout_30d,bull,13.978,10.343,-26.005,0
20260419,20260503,14,DEXEUSDT,rsi_bearish_divergence,bear,13.978,10.343,-26.005,1
20260419,20260503,14,BNBUSDT,double_bottom_90d,bull,633.36,617.76,-2.463,0
20260419,20260503,14,FILUSDT,double_bottom_90d,bull,0.953,0.929,-2.518,0
20260419,20260503,14,FILUSDT,downtrend,bear,0.953,0.929,-2.518,1
20260419,20260503,14,MBLUSDT,breakout_30d,bull,0.001027,0.000927,-9.737,0
20260419,20260503,14,MBLUSDT,double_bottom_90d,bull,0.001027,0.000927,-9.737,0
20260419,20260503,14,MBLUSDT,uptrend,bull,0.001027,0.000927,-9.737,0
20260419,20260503,14,BELUSDT,double_bottom_90d,bull,0.1146,0.1054,-8.028,0
20260419,20260503,14,BELUSDT,uptrend,bull,0.1146,0.1054,-8.028,0
20260419,20260503,14,SHIBUSDT,macd_bullish_cross,bull,6.07e-06,6.26e-06,3.13,1
20260419,20260503,14,APTUSDT,double_bottom_90d,bull,0.945,0.999,5.714,1
20260419,20260503,14,APTUSDT,downtrend,bear,0.945,0.999,5.714,0
20260419,20260503,14,XNOUSDT,breakout_30d,bull,0.52,0.448,-13.846,0
20260419,20260503,14,EGLDUSDT,double_bottom_90d,bull,4.24,4.09,-3.538,0
20260419,20260503,14,RLCUSDT,macd_bullish_cross,bull,0.444,0.459,3.378,1
20260419,20260503,14,XVSUSDT,double_bottom_90d,bull,2.86,2.6,-9.091,0
20260419,20260503,14,TURBOUSDT,double_bottom_90d,bull,0.001137,0.001201,5.629,1
20260419,20260503,14,TURBOUSDT,uptrend,bull,0.001137,0.001201,5.629,1
20260419,20260503,14,ICPUSDT,double_bottom_90d,bull,2.513,2.354,-6.327,0
20260419,20260503,14,ICPUSDT,downtrend,bear,2.513,2.354,-6.327,1
20260419,20260503,14,UMAUSDT,double_bottom_90d,bull,0.483,0.464,-3.934,0
20260419,20260503,14,MEUSDT,bullish_engulfing_4h,bull,0.112,0.1051,-6.161,0
20260419,20260503,14,LQTYUSDT,double_bottom_90d,bull,0.307,0.306,-0.326,0
20260419,20260503,14,CHZUSDT,macd_bullish_cross,bull,0.04056,0.04143,2.145,1
20260419,20260503,14,CHZUSDT,uptrend,bull,0.04056,0.04143,2.145,1
20260419,20260503,14,TIAUSDT,resistance_test,bear,0.3997,0.3555,-11.058,1
20260419,20260503,14,RENDERUSDT,uptrend,bull,1.801,1.779,-1.222,0
20260419,20260503,14,BTCUSDT,resistance_test,bear,75885.98,78569.77,3.537,0
20260419,20260503,14,BTCUSDT,downtrend,bear,75885.98,78569.77,3.537,0
20260419,20260503,14,MAGICUSDT,uptrend,bull,0.0662,0.0645,-2.568,0
20260419,20260503,14,HAEDALUSDT,macd_bullish_cross,bull,0.03281,0.03088,-5.882,0
20260419,20260503,14,HAEDALUSDT,double_bottom_90d,bull,0.03281,0.03088,-5.882,0
20260419,20260503,14,HAEDALUSDT,uptrend,bull,0.03281,0.03088,-5.882,0
20260419,20260503,14,MANTAUSDT,double_bottom_90d,bull,0.0681,0.06804,-0.088,0
20260419,20260503,14,MANTAUSDT,uptrend,bull,0.0681,0.06804,-0.088,0
20260419,20260503,14,ONEUSDT,double_bottom_90d,bull,0.00234,0.0023,-1.709,0
20260419,20260503,14,ONEUSDT,uptrend,bull,0.00234,0.0023,-1.709,0
20260419,20260503,14,YGGUSDT,double_bottom_90d,bull,0.04138,0.0434,4.882,1
20260419,20260503,14,AXLUSDT,double_bottom_90d,bull,0.0646,0.076,17.647,1
20260419,20260503,14,RVNUSDT,macd_bullish_cross,bull,0.00599,0.00591,-1.336,0
20260419,20260503,14,SKYUSDT,macd_bullish_cross,bull,0.07638,0.08075,5.721,1
20260419,20260503,14,SKYUSDT,double_top_90d,bear,0.07638,0.08075,5.721,0
20260419,20260503,14,ALGOUSDT,double_bottom_90d,bull,0.1093,0.1125,2.928,1
20260419,20260503,14,ALGOUSDT,double_top_90d,bear,0.1093,0.1125,2.928,0
20260419,20260503,14,ALGOUSDT,uptrend,bull,0.1093,0.1125,2.928,1
20260419,20260503,14,ONDOUSDT,macd_bullish_cross,bull,0.2589,0.2828,9.231,1
20260419,20260503,14,ONDOUSDT,double_top_90d,bear,0.2589,0.2828,9.231,0
20260419,20260503,14,ONDOUSDT,downtrend,bear,0.2589,0.2828,9.231,0
20260419,20260503,14,CFXUSDT,uptrend,bull,0.06074,0.06103,0.477,1
20260419,20260503,14,ACEUSDT,support_bounce,bull,0.133,0.12,-9.774,0
20260419,20260503,14,LUNAUSDT,double_bottom_90d,bull,0.0588,0.0738,25.51,1
20260419,20260503,14,ZECUSDT,macd_bearish_cross,bear,323.97,385.39,18.959,0
20260419,20260503,14,ZECUSDT,double_top_90d,bear,323.97,385.39,18.959,0
20260419,20260503,14,ZECUSDT,uptrend,bull,323.97,385.39,18.959,1
20260419,20260503,14,TRUMPUSDT,double_bottom_90d,bull,2.894,2.352,-18.728,0
20260419,20260503,14,VETUSDT,macd_bullish_cross,bull,0.007108,0.007199,1.28,1
20260419,20260503,14,VETUSDT,macd_bearish_cross,bear,0.007108,0.007199,1.28,0
20260419,20260503,14,VETUSDT,double_bottom_90d,bull,0.007108,0.007199,1.28,1
20260419,20260503,14,GASUSDT,macd_bullish_cross,bull,1.725,1.605,-6.957,0
20260419,20260503,14,GASUSDT,macd_bearish_cross,bear,1.725,1.605,-6.957,1
20260419,20260503,14,GASUSDT,double_bottom_90d,bull,1.725,1.605,-6.957,0
20260419,20260503,14,GASUSDT,uptrend,bull,1.725,1.605,-6.957,0
20260419,20260503,14,ARPAUSDT,double_bottom_90d,bull,0.00995,0.01,0.503,1
20260419,20260503,14,ARPAUSDT,double_top_90d,bear,0.00995,0.01,0.503,0
20260419,20260503,14,MLNUSDT,breakout_30d,bull,3.82,3.08,-19.372,0
20260419,20260503,14,MLNUSDT,macd_bullish_cross,bull,3.82,3.08,-19.372,0
20260419,20260503,14,MLNUSDT,macd_bearish_cross,bear,3.82,3.08,-19.372,1
20260419,20260503,14,MLNUSDT,double_bottom_90d,bull,3.82,3.08,-19.372,0
20260419,20260503,14,FLOKIUSDT,double_bottom_90d,bull,3.096e-05,3.233e-05,4.425,1
20260419,20260503,14,FLOKIUSDT,downtrend,bear,3.096e-05,3.233e-05,4.425,0
20260419,20260503,14,PLUMEUSDT,downtrend,bear,0.01188,0.0117,-1.515,1
20260419,20260503,14,HOTUSDT,macd_bullish_cross,bull,0.000426,0.000431,1.174,1
20260419,20260503,14,HOTUSDT,double_bottom_90d,bull,0.000426,0.000431,1.174,1
20260419,20260503,14,HOTUSDT,double_top_90d,bear,0.000426,0.000431,1.174,0
20260419,20260503,14,TREEUSDT,uptrend,bull,0.0719,0.0693,-3.616,0
20260419,20260503,14,AVNTUSDT,downtrend,bear,0.1532,0.1469,-4.112,1
20260419,20260503,14,AVNTUSDT,bullish_engulfing_4h,bull,0.1532,0.1469,-4.112,0
20260419,20260503,14,NEIROUSDT,double_bottom_90d,bull,8.704e-05,9.502e-05,9.168,1
20260419,20260503,14,NEIROUSDT,uptrend,bull,8.704e-05,9.502e-05,9.168,1
20260419,20260503,14,NEOUSDT,double_bottom_90d,bull,2.907,2.776,-4.506,0
20260419,20260503,14,AEVOUSDT,uptrend,bull,0.0264,0.0277,4.924,1
20260419,20260503,14,PEPEUSDT,double_bottom_90d,bull,3.8e-06,3.96e-06,4.211,1
20260419,20260503,14,PEPEUSDT,downtrend,bear,3.8e-06,3.96e-06,4.211,0
20260419,20260503,14,SUPERUSDT,uptrend,bull,0.1199,0.1243,3.67,1
20260419,20260503,14,ASTERUSDT,double_top_90d,bear,0.67,0.684,2.09,0
20260419,20260503,14,LDOUSDT,double_bottom_90d,bull,0.398,0.3716,-6.633,0
20260419,20260503,14,MUBARAKUSDT,double_bottom_90d,bull,0.01455,0.01391,-4.399,0
20260419,20260503,14,MUBARAKUSDT,uptrend,bull,0.01455,0.01391,-4.399,0
20260419,20260503,14,DYDXUSDT,macd_bullish_cross,bull,0.13608,0.15037,10.501,1
20260419,20260503,14,DYDXUSDT,double_bottom_90d,bull,0.13608,0.15037,10.501,1
20260419,20260503,14,DYDXUSDT,uptrend,bull,0.13608,0.15037,10.501,1
20260419,20260503,14,OPENUSDT,uptrend,bull,0.2285,0.2494,9.147,1
20260419,20260503,14,ATOMUSDT,double_bottom_90d,bull,1.791,1.868,4.299,1
20260419,20260503,14,ETCUSDT,uptrend,bull,8.51,8.49,-0.235,0
20260419,20260503,14,ONGUSDT,macd_bearish_cross,bear,0.08465,0.07324,-13.479,1
20260419,20260503,14,ONGUSDT,double_bottom_90d,bull,0.08465,0.07324,-13.479,0
20260419,20260503,14,ONGUSDT,uptrend,bull,0.08465,0.07324,-13.479,0
20260419,20260503,14,COMPUSDT,breakout_30d,bull,26.15,23.01,-12.008,0
20260419,20260503,14,MASKUSDT,double_bottom_90d,bull,0.474,0.51,7.595,1
20260419,20260503,14,MASKUSDT,uptrend,bull,0.474,0.51,7.595,1
20260419,20260503,14,SKLUSDT,macd_bullish_cross,bull,0.00721,0.00689,-4.438,0
20260419,20260503,14,SKLUSDT,macd_bearish_cross,bear,0.00721,0.00689,-4.438,1
20260419,20260503,14,SKLUSDT,double_bottom_90d,bull,0.00721,0.00689,-4.438,0
20260419,20260503,14,MITOUSDT,macd_bullish_cross,bull,0.03977,0.0477,19.94,1
20260419,20260503,14,MITOUSDT,double_bottom_90d,bull,0.03977,0.0477,19.94,1
20260419,20260503,14,API3USDT,breakout_30d,bull,0.4164,0.3817,-8.333,0
20260419,20260503,14,THETAUSDT,breakout_30d,bull,0.234,0.203,-13.248,0
20260419,20260503,14,KAITOUSDT,macd_bullish_cross,bull,0.4636,0.4682,0.992,1
20260419,20260503,14,KAITOUSDT,uptrend,bull,0.4636,0.4682,0.992,1
20260419,20260503,14,ARKMUSDT,rsi_bearish_divergence,bear,0.1295,0.1207,-6.795,1
20260419,20260503,14,ARKMUSDT,double_bottom_90d,bull,0.1295,0.1207,-6.795,0
20260419,20260503,14,ANKRUSDT,double_bottom_90d,bull,0.00518,0.00486,-6.178,0
20260419,20260503,14,ANKRUSDT,double_top_90d,bear,0.00518,0.00486,-6.178,1
20260419,20260503,14,ADXUSDT,breakout_30d,bull,0.0849,0.0724,-14.723,0
20260419,20260503,14,ADXUSDT,uptrend,bull,0.0849,0.0724,-14.723,0
20260419,20260503,14,OGNUSDT,double_bottom_90d,bull,0.02314,0.02349,1.513,1
20260419,20260503,14,OGNUSDT,uptrend,bull,0.02314,0.02349,1.513,1
20260419,20260503,14,CAKEUSDT,double_bottom_90d,bull,1.552,1.466,-5.541,0
20260419,20260503,14,CAKEUSDT,resistance_test,bear,1.552,1.466,-5.541,1
20260419,20260503,14,POLYXUSDT,uptrend,bull,0.0515,0.0479,-6.99,0
20260419,20260503,14,SANTOSUSDT,breakout_30d,bull,1.256,1.106,-11.943,0
20260419,20260503,14,SSVUSDT,double_bottom_90d,bull,2.605,2.806,7.716,1
20260419,20260503,14,DASHUSDT,macd_bearish_cross,bear,34.91,36.96,5.872,0
20260419,20260503,14,DASHUSDT,double_bottom_90d,bull,34.91,36.96,5.872,1
20260419,20260503,14,1000CATUSDT,double_bottom_90d,bull,0.00189,0.0019,0.529,1
20260419,20260503,14,1000CATUSDT,uptrend,bull,0.00189,0.0019,0.529,1
20260419,20260503,14,AAVEUSDT,downtrend,bear,111.78,92.93,-16.863,1
20260419,20260503,14,BANDUSDT,double_bottom_90d,bull,0.226,0.219,-3.097,0
20260419,20260503,14,BANDUSDT,double_top_90d,bear,0.226,0.219,-3.097,1
20260419,20260503,14,PAXGUSDT,double_top_90d,bear,4794.12,4597.93,-4.092,1
20260419,20260503,14,PAXGUSDT,support_bounce,bull,4794.12,4597.93,-4.092,0
20260419,20260503,14,POWRUSDT,double_bottom_90d,bull,0.0676,0.0626,-7.396,0
20260419,20260503,14,POWRUSDT,downtrend,bear,0.0676,0.0626,-7.396,1
20260419,20260503,14,VANRYUSDT,macd_bullish_cross,bull,0.005731,0.005271,-8.027,0
20260419,20260503,14,VANRYUSDT,macd_bearish_cross,bear,0.005731,0.005271,-8.027,1
20260419,20260503,14,VANRYUSDT,double_bottom_90d,bull,0.005731,0.005271,-8.027,0
20260419,20260503,14,VANRYUSDT,downtrend,bear,0.005731,0.005271,-8.027,1
20260419,20260503,14,LUMIAUSDT,breakout_30d,bull,0.1176,0.1622,37.925,1
20260419,20260503,14,LUMIAUSDT,uptrend,bull,0.1176,0.1622,37.925,1
20260419,20260503,14,LUMIAUSDT,bullish_engulfing_4h,bull,0.1176,0.1622,37.925,1
20260419,20260503,14,MINAUSDT,double_bottom_90d,bull,0.0597,0.0599,0.335,1
20260419,20260503,14,MINAUSDT,uptrend,bull,0.0597,0.0599,0.335,1
20260419,20260503,14,SPKUSDT,downtrend,bear,0.023019,0.037587,63.287,0
20260419,20260503,14,LISTAUSDT,macd_bullish_cross,bull,0.0956,0.0844,-11.715,0
20260419,20260503,14,LISTAUSDT,downtrend,bear,0.0956,0.0844,-11.715,1
20260419,20260503,14,ARBUSDT,double_bottom_90d,bull,0.1282,0.1214,-5.304,0
20260419,20260503,14,KAVAUSDT,downtrend,bear,0.05664,0.06417,13.294,0
20260419,20260503,14,GMTUSDT,downtrend,bear,0.01146,0.01078,-5.934,1
20260419,20260503,14,GRTUSDT,double_bottom_90d,bull,0.02521,0.02474,-1.864,0
20260419,20260503,14,GRTUSDT,double_top_90d,bear,0.02521,0.02474,-1.864,1
20260419,20260503,14,GRTUSDT,uptrend,bull,0.02521,0.02474,-1.864,0
20260419,20260503,14,BONKUSDT,double_top_90d,bear,6.12e-06,6.28e-06,2.614,0
20260419,20260503,14,BONKUSDT,uptrend,bull,6.12e-06,6.28e-06,2.614,1
20260419,20260503,14,CRVUSDT,double_bottom_90d,bull,0.2308,0.2363,2.383,1
20260419,20260503,14,CRVUSDT,double_top_90d,bear,0.2308,0.2363,2.383,0
20260419,20260503,14,ASRUSDT,double_bottom_90d,bull,1.372,1.247,-9.111,0
20260419,20260503,14,ANIMEUSDT,double_bottom_90d,bull,0.0048,0.00474,-1.25,0
20260419,20260503,14,ARUSDT,double_bottom_90d,bull,2.02,2.09,3.465,1
20260419,20260503,14,ARUSDT,double_top_90d,bear,2.02,2.09,3.465,0
20260419,20260503,14,KNCUSDT,macd_bullish_cross,bull,0.1429,0.1897,32.75,1
20260419,20260503,14,KNCUSDT,double_bottom_90d,bull,0.1429,0.1897,32.75,1
20260419,20260503,14,KNCUSDT,downtrend,bear,0.1429,0.1897,32.75,0
20260419,20260503,14,ALCXUSDT,double_bottom_90d,bull,5.46,5.4,-1.099,0
20260419,20260503,14,ALCXUSDT,uptrend,bull,5.46,5.4,-1.099,0
20260419,20260503,14,FLUXUSDT,uptrend,bull,0.0649,0.0668,2.928,1
20260419,20260503,14,LINEAUSDT,double_bottom_90d,bull,0.003435,0.003581,4.25,1
20260419,20260503,14,LINEAUSDT,uptrend,bull,0.003435,0.003581,4.25,1
20260419,20260503,14,ACTUSDT,double_bottom_90d,bull,0.0148,0.0149,0.676,1
20260419,20260503,14,HFTUSDT,breakout_30d,bull,0.0163,0.0144,-11.656,0
20260419,20260503,14,HFTUSDT,downtrend,bear,0.0163,0.0144,-11.656,1
20260419,20260503,14,HFTUSDT,hammer_4h,bull,0.0163,0.0144,-11.656,0
20260419,20260503,14,FORMUSDT,downtrend,bear,0.278,0.2803,0.827,0
20260419,20260503,14,WIFUSDT,uptrend,bull,0.205,0.189,-7.805,0
20260419,20260503,14,VTHOUSDT,uptrend,bull,0.00059,0.000567,-3.898,0
20260419,20260503,14,RONINUSDT,breakout_30d,bull,0.1013,0.0958,-5.429,0
20260419,20260503,14,RONINUSDT,double_top_90d,bear,0.1013,0.0958,-5.429,1
20260419,20260503,14,AGLDUSDT,double_top_90d,bear,0.277,0.255,-7.942,1
20260419,20260503,14,PYTHUSDT,double_bottom_90d,bull,0.0462,0.0493,6.71,1
20260419,20260503,14,DUSKUSDT,double_bottom_90d,bull,0.1617,0.1303,-19.419,0
20260419,20260503,14,DUSKUSDT,uptrend,bull,0.1617,0.1303,-19.419,0
20260419,20260503,14,SPELLUSDT,downtrend,bear,0.000169,0.0001673,-1.006,1
20260419,20260503,14,QTUMUSDT,macd_bullish_cross,bull,0.925,0.877,-5.189,0
20260419,20260503,14,QTUMUSDT,macd_bearish_cross,bear,0.925,0.877,-5.189,1
20260419,20260503,14,QTUMUSDT,double_bottom_90d,bull,0.925,0.877,-5.189,0
20260419,20260503,14,QTUMUSDT,uptrend,bull,0.925,0.877,-5.189,0
20260419,20260503,14,SOLUSDT,downtrend,bear,86.65,84.01,-3.047,1
20260419,20260503,14,ALPINEUSDT,breakout_30d,bull,0.46,0.456,-0.87,0
20260419,20260503,14,ALPINEUSDT,double_top_90d,bear,0.46,0.456,-0.87,1
20260419,20260503,14,ACMUSDT,breakout_30d,bull,0.458,0.426,-6.987,0
20260419,20260503,14,ACMUSDT,downtrend,bear,0.458,0.426,-6.987,1
20260419,20260503,14,PENGUUSDT,downtrend,bear,0.007377,0.00984,33.388,0
20260419,20260503,14,CHRUSDT,uptrend,bull,0.02044,0.02637,29.012,1
20260419,20260503,14,CTSIUSDT,macd_bullish_cross,bull,0.03537,0.03368,-4.778,0
20260419,20260503,14,CTSIUSDT,uptrend,bull,0.03537,0.03368,-4.778,0
20260419,20260503,14,FARMUSDT,double_bottom_90d,bull,12.33,11.72,-4.947,0
20260419,20260503,14,FARMUSDT,downtrend,bear,12.33,11.72,-4.947,1
20260419,20260503,14,ACXUSDT,macd_bullish_cross,bull,0.0457,0.0436,-4.595,0
20260419,20260503,14,ACXUSDT,double_bottom_90d,bull,0.0457,0.0436,-4.595,0
20260419,20260503,14,ACXUSDT,uptrend,bull,0.0457,0.0436,-4.595,0
20260419,20260503,14,ZRXUSDT,uptrend,bull,0.109,0.11,0.917,1
20260419,20260503,14,BIGTIMEUSDT,double_top_90d,bear,0.01408,0.01381,-1.918,1
20260419,20260503,14,VANAUSDT,double_top_90d,bear,1.384,1.516,9.538,0
20260419,20260503,14,TOWNSUSDT,macd_bullish_cross,bull,0.00337,0.00346,2.671,1
20260419,20260503,14,TOWNSUSDT,downtrend,bear,0.00337,0.00346,2.671,0
20260419,20260503,14,CETUSUSDT,macd_bullish_cross,bull,0.02231,0.02811,25.997,1
20260419,20260503,14,CETUSUSDT,uptrend,bull,0.02231,0.02811,25.997,1
20260419,20260503,14,AUSDT,double_bottom_90d,bull,0.0817,0.0901,10.282,1
20260419,20260503,14,AUSDT,double_top_90d,bear,0.0817,0.0901,10.282,0
20260419,20260503,14,AUSDT,uptrend,bull,0.0817,0.0901,10.282,1
20260419,20260503,14,REQUSDT,breakout_30d,bull,0.1124,0.0707,-37.1,0
20260419,20260503,14,REQUSDT,double_bottom_90d,bull,0.1124,0.0707,-37.1,0
20260419,20260503,14,REQUSDT,resistance_test,bear,0.1124,0.0707,-37.1,1
20260419,20260503,14,1MBABYDOGEUSDT,double_bottom_90d,bull,0.0004219,0.0004168,-1.209,0
20260419,20260503,14,SOLVUSDT,uptrend,bull,0.00418,0.00447,6.938,1
20260419,20260503,14,CELOUSDT,macd_bullish_cross,bull,0.08465,0.0907,7.147,1
20260419,20260503,14,CELOUSDT,uptrend,bull,0.08465,0.0907,7.147,1
20260419,20260503,14,MANAUSDT,uptrend,bull,0.0927,0.0905,-2.373,0
20260419,20260503,14,SHELLUSDT,double_bottom_90d,bull,0.0334,0.0378,13.174,1
20260419,20260503,14,SCRUSDT,bullish_engulfing_4h,bull,0.05293,0.04599,-13.112,0
20260419,20260503,14,DODOUSDT,bullish_engulfing_4h,bull,0.01898,0.01971,3.846,1
20260419,20260503,14,EPICUSDT,uptrend,bull,0.303,0.333,9.901,1
20260419,20260503,14,SCRTUSDT,double_bottom_90d,bull,0.0989,0.102,3.134,1
20260419,20260503,14,TSTUSDT,downtrend,bear,0.0118,0.01206,2.203,0
20260419,20260503,14,PYRUSDT,double_bottom_90d,bull,0.272,0.277,1.838,1
20260419,20260503,14,PYRUSDT,uptrend,bull,0.272,0.277,1.838,1
20260419,20260503,14,AVAUSDT,breakout_30d,bull,0.2429,0.2671,9.963,1
20260419,20260503,14,AVAUSDT,double_bottom_90d,bull,0.2429,0.2671,9.963,1
20260419,20260503,14,AVAUSDT,resistance_test,bear,0.2429,0.2671,9.963,0
20260419,20260503,14,AVAUSDT,bullish_engulfing_4h,bull,0.2429,0.2671,9.963,1
20260419,20260503,14,CATIUSDT,uptrend,bull,0.0491,0.0514,4.684,1
20260419,20260503,14,STRAXUSDT,double_bottom_90d,bull,0.01388,0.013,-6.34,0
20260419,20260503,14,STRAXUSDT,uptrend,bull,0.01388,0.013,-6.34,0
20260419,20260503,14,ILVUSDT,uptrend,bull,4.81,4.76,-1.04,0
20260419,20260503,14,ILVUSDT,evening_star_4h,bear,4.81,4.76,-1.04,1
20260419,20260503,14,XAIUSDT,double_bottom_90d,bull,0.01124,0.01124,0.0,0
20260419,20260503,14,BICOUSDT,macd_bullish_cross,bull,0.0246,0.0252,2.439,1
20260419,20260503,14,BICOUSDT,double_bottom_90d,bull,0.0246,0.0252,2.439,1
20260419,20260503,14,SANDUSDT,double_bottom_90d,bull,0.0813,0.0724,-10.947,0
20260419,20260503,14,SANDUSDT,double_top_90d,bear,0.0813,0.0724,-10.947,1
20260419,20260503,14,ENAUSDT,downtrend,bear,0.1217,0.1023,-15.941,1
20260419,20260503,14,INJUSDT,double_bottom_90d,bull,3.244,3.77,16.215,1
20260419,20260503,14,INJUSDT,downtrend,bear,3.244,3.77,16.215,0
20260419,20260503,14,SUSDT,double_bottom_90d,bull,0.04499,0.04362,-3.045,0
20260419,20260503,14,SUSDT,double_top_90d,bear,0.04499,0.04362,-3.045,1
20260419,20260503,14,PIXELUSDT,downtrend,bear,0.00833,0.00787,-5.522,1
20260419,20260503,14,VICUSDT,uptrend,bull,0.0619,0.0453,-26.817,0
20260419,20260503,14,TUTUSDT,double_top_90d,bear,0.01133,0.01106,-2.383,1
20260419,20260503,14,POLUSDT,macd_bullish_cross,bull,0.0895,0.0972,8.603,1
20260419,20260503,14,POLUSDT,double_top_90d,bear,0.0895,0.0972,8.603,0
20260419,20260503,14,POLUSDT,downtrend,bear,0.0895,0.0972,8.603,0
20260419,20260503,14,2ZUSDT,macd_bullish_cross,bull,0.09035,0.08488,-6.054,0
20260419,20260503,14,2ZUSDT,double_bottom_90d,bull,0.09035,0.08488,-6.054,0
20260419,20260503,14,2ZUSDT,uptrend,bull,0.09035,0.08488,-6.054,0
20260419,20260503,14,PORTOUSDT,double_bottom_90d,bull,1.032,0.819,-20.64,0
20260419,20260503,14,PORTOUSDT,double_top_90d,bear,1.032,0.819,-20.64,1
20260419,20260503,14,VIRTUALUSDT,downtrend,bear,0.7145,0.7445,4.199,0
20260419,20260503,14,1000CHEEMSUSDT,double_bottom_90d,bull,0.000565,0.000622,10.088,1
20260419,20260503,14,1000CHEEMSUSDT,downtrend,bear,0.000565,0.000622,10.088,0
20260419,20260503,14,PEOPLEUSDT,uptrend,bull,0.00775,0.00794,2.452,1
20260419,20260503,14,PUMPUSDT,downtrend,bear,0.001885,0.001809,-4.032,1
20260419,20260503,14,HEIUSDT,rsi_bearish_divergence,bear,0.089,0.0829,-6.854,1
20260419,20260503,14,HEIUSDT,double_bottom_90d,bull,0.089,0.0829,-6.854,0
20260419,20260503,14,HEIUSDT,downtrend,bear,0.089,0.0829,-6.854,1
20260419,20260503,14,SLPUSDT,downtrend,bear,0.000658,0.000704,6.991,0
20260419,20260503,14,HMSTRUSDT,downtrend,bear,0.000158,0.0001558,-1.392,1
20260419,20260503,14,PROMUSDT,breakout_30d,bull,2.1,1.996,-4.952,0
20260419,20260503,14,PROMUSDT,double_bottom_90d,bull,2.1,1.996,-4.952,0
20260419,20260503,14,AXSUSDT,double_bottom_90d,bull,1.134,1.356,19.577,1
20260419,20260503,14,BROCCOLI714USDT,double_bottom_90d,bull,0.01576,0.01774,12.563,1
20260419,20260503,14,HBARUSDT,macd_bullish_cross,bull,0.08889,0.08844,-0.506,0
20260419,20260503,14,HBARUSDT,macd_bearish_cross,bear,0.08889,0.08844,-0.506,1
20260419,20260503,14,HBARUSDT,double_top_90d,bear,0.08889,0.08844,-0.506,1
20260419,20260503,14,WLDUSDT,double_bottom_90d,bull,0.2686,0.242,-9.903,0
20260419,20260503,14,WLDUSDT,downtrend,bear,0.2686,0.242,-9.903,1
20260419,20260503,14,CGPTUSDT,double_bottom_90d,bull,0.02236,0.02931,31.082,1
20260419,20260503,14,NXPCUSDT,macd_bullish_cross,bull,0.2919,0.2949,1.028,1
20260419,20260503,14,NXPCUSDT,macd_bearish_cross,bear,0.2919,0.2949,1.028,0
20260419,20260503,14,NXPCUSDT,double_bottom_90d,bull,0.2919,0.2949,1.028,1
20260419,20260503,14,NXPCUSDT,double_top_90d,bear,0.2919,0.2949,1.028,0
20260419,20260503,14,DIAUSDT,resistance_test,bear,0.208,0.1946,-6.442,1
20260419,20260503,14,YBUSDT,uptrend,bull,0.1361,0.116,-14.769,0
20260419,20260503,14,ERAUSDT,rsi_bearish_divergence,bear,0.1384,0.1373,-0.795,1
20260419,20260503,14,ERAUSDT,double_bottom_90d,bull,0.1384,0.1373,-0.795,0
20260419,20260503,14,PORTALUSDT,downtrend,bear,0.01203,0.0117,-2.743,1
20260419,20260503,14,SFPUSDT,macd_bullish_cross,bull,0.3096,0.3178,2.649,1
20260419,20260503,14,SFPUSDT,resistance_test,bear,0.3096,0.3178,2.649,0
20260419,20260503,14,SFPUSDT,uptrend,bull,0.3096,0.3178,2.649,1
20260419,20260503,14,AUCTIONUSDT,downtrend,bear,4.88,4.77,-2.254,1
20260419,20260503,14,BOMEUSDT,double_bottom_90d,bull,0.000502,0.000552,9.96,1
20260419,20260503,14,BOMEUSDT,resistance_test,bear,0.000502,0.000552,9.96,0
20260419,20260503,14,BOMEUSDT,downtrend,bear,0.000502,0.000552,9.96,0
20260419,20260503,14,IMXUSDT,double_bottom_90d,bull,0.1649,0.1678,1.759,1
20260419,20260503,14,OGUSDT,rsi_bearish_divergence,bear,3.24,3.04,-6.173,1
20260419,20260503,14,OGUSDT,bullish_engulfing_4h,bull,3.24,3.04,-6.173,0
20260419,20260503,14,JASMYUSDT,double_top_90d,bear,0.00569,0.00569,0.0,0
20260419,20260503,14,JASMYUSDT,downtrend,bear,0.00569,0.00569,0.0,0
20260419,20260503,14,CELRUSDT,macd_bullish_cross,bull,0.002626,0.002762,5.179,1
20260419,20260503,14,BATUSDT,double_bottom_90d,bull,0.1013,0.0978,-3.455,0
20260419,20260503,14,BATUSDT,uptrend,bull,0.1013,0.0978,-3.455,0
20260419,20260503,14,BLURUSDT,rsi_bearish_divergence,bear,0.02658,0.02701,1.618,0
20260419,20260503,14,BLURUSDT,double_bottom_90d,bull,0.02658,0.02701,1.618,1
20260419,20260503,14,BLURUSDT,double_top_90d,bear,0.02658,0.02701,1.618,0
20260419,20260503,14,DOTUSDT,macd_bullish_cross,bull,1.286,1.223,-4.899,0
20260419,20260503,14,DOTUSDT,macd_bearish_cross,bear,1.286,1.223,-4.899,1
20260419,20260503,14,DOTUSDT,downtrend,bear,1.286,1.223,-4.899,1
20260419,20260503,14,TUSDT,double_bottom_90d,bull,0.00642,0.0059,-8.1,0
20260419,20260503,14,TUSDT,double_top_90d,bear,0.00642,0.0059,-8.1,1
20260419,20260503,14,TUSDT,downtrend,bear,0.00642,0.0059,-8.1,1
20260419,20260503,14,NFPUSDT,downtrend,bear,0.01585,0.01647,3.912,0
20260419,20260503,14,ENSUSDT,downtrend,bear,6.03,6.09,0.995,0
20260419,20260503,14,RSRUSDT,double_bottom_90d,bull,0.00168,0.001758,4.643,1
20260419,20260503,14,RSRUSDT,double_top_90d,bear,0.00168,0.001758,4.643,0
20260419,20260503,14,RSRUSDT,downtrend,bear,0.00168,0.001758,4.643,0
20260419,20260503,14,PSGUSDT,double_top_90d,bear,0.882,0.753,-14.626,1
20260419,20260503,14,PSGUSDT,uptrend,bull,0.882,0.753,-14.626,0
20260419,20260503,14,HEMIUSDT,uptrend,bull,0.00785,0.00735,-6.369,0
20260419,20260503,14,C98USDT,macd_bullish_cross,bull,0.0232,0.0206,-11.207,0
20260419,20260503,14,C98USDT,double_top_90d,bear,0.0232,0.0206,-11.207,1
20260419,20260503,14,C98USDT,support_bounce,bull,0.0232,0.0206,-11.207,0
20260419,20260503,14,C98USDT,downtrend,bear,0.0232,0.0206,-11.207,1
20260419,20260503,14,C98USDT,bullish_engulfing_4h,bull,0.0232,0.0206,-11.207,0
20260419,20260503,14,GPSUSDT,downtrend,bear,0.00929,0.00755,-18.73,1
20260419,20260503,14,MEMEUSDT,double_bottom_90d,bull,0.000555,0.000572,3.063,1
20260419,20260503,14,MEMEUSDT,double_top_90d,bear,0.000555,0.000572,3.063,0
20260419,20260503,14,JOEUSDT,double_bottom_90d,bull,0.0465,0.0476,2.366,1
20260419,20260503,14,FLOWUSDT,double_bottom_90d,bull,0.03564,0.04202,17.901,1
20260419,20260503,14,BABYUSDT,double_bottom_90d,bull,0.01596,0.02051,28.509,1
20260419,20260503,14,QNTUSDT,macd_bearish_cross,bear,74.49,68.6,-7.907,1
20260419,20260503,14,QNTUSDT,double_top_90d,bear,74.49,68.6,-7.907,1
20260419,20260503,14,ORCAUSDT,uptrend,bull,0.922,2.042,121.475,1
20260419,20260503,14,ALICEUSDT,breakout_30d,bull,0.1952,0.1483,-24.027,0
20260419,20260503,14,ALICEUSDT,uptrend,bull,0.1952,0.1483,-24.027,0
20260419,20260503,14,WALUSDT,macd_bullish_cross,bull,0.0738,0.071,-3.794,0
20260419,20260503,14,WALUSDT,macd_bearish_cross,bear,0.0738,0.071,-3.794,1
20260419,20260503,14,WALUSDT,downtrend,bear,0.0738,0.071,-3.794,1
20260419,20260503,14,SYSUSDT,macd_bullish_cross,bull,0.01113,0.00911,-18.149,0
20260419,20260503,14,SYSUSDT,macd_bearish_cross,bear,0.01113,0.00911,-18.149,1
20260419,20260503,14,ICXUSDT,double_bottom_90d,bull,0.0393,0.0366,-6.87,0
20260419,20260503,14,GMXUSDT,double_top_90d,bear,6.73,7.07,5.052,0
20260419,20260503,14,GMXUSDT,downtrend,bear,6.73,7.07,5.052,0
20260419,20260503,14,AIXBTUSDT,double_bottom_90d,bull,0.0271,0.0349,28.782,1
20260419,20260503,14,AIXBTUSDT,double_top_90d,bear,0.0271,0.0349,28.782,0
20260419,20260503,14,BBUSDT,double_top_90d,bear,0.0261,0.031,18.774,0
20260419,20260503,14,ZENUSDT,double_bottom_90d,bull,5.839,6.198,6.148,1
20260419,20260503,14,ZENUSDT,double_top_90d,bear,5.839,6.198,6.148,0
20260419,20260503,14,GLMUSDT,double_bottom_90d,bull,0.1334,0.1406,5.397,1
20260419,20260503,14,GLMUSDT,downtrend,bear,0.1334,0.1406,5.397,0
20260419,20260503,14,BCHUSDT,macd_bullish_cross,bull,445.7,444.7,-0.224,0
20260419,20260503,14,BCHUSDT,downtrend,bear,445.7,444.7,-0.224,1
20260419,20260503,14,UNIUSDT,downtrend,bear,3.367,3.248,-3.534,1
20260419,20260503,14,NEXOUSDT,double_top_90d,bear,0.899,0.909,1.112,0
20260419,20260503,14,PENDLEUSDT,resistance_test,bear,1.376,1.599,16.206,0
20260419,20260503,14,PENDLEUSDT,downtrend,bear,1.376,1.599,16.206,0
20260419,20260503,14,RAYUSDT,downtrend,bear,0.666,0.817,22.673,0
20260419,20260503,14,YFIUSDT,double_bottom_90d,bull,2698.0,2656.0,-1.557,0
20260419,20260503,14,YFIUSDT,downtrend,bear,2698.0,2656.0,-1.557,1
20260419,20260503,14,PHBUSDT,double_top_90d,bear,0.119,0.11,-7.563,1
20260419,20260503,14,PHBUSDT,downtrend,bear,0.119,0.11,-7.563,1
20260419,20260503,14,EIGENUSDT,downtrend,bear,0.1854,0.178,-3.991,1
20260419,20260503,14,STGUSDT,double_bottom_90d,bull,0.2245,0.2183,-2.762,0
20260419,20260503,14,STXUSDT,double_bottom_90d,bull,0.2318,0.2263,-2.373,0
20260419,20260503,14,DUSDT,uptrend,bull,0.00932,0.01266,35.837,1
20260419,20260503,14,DUSDT,bearish_engulfing_4h,bear,0.00932,0.01266,35.837,0
20260419,20260503,14,ATUSDT,double_bottom_90d,bull,0.1682,0.1963,16.706,1
20260419,20260503,14,BMTUSDT,double_top_90d,bear,0.01687,0.01541,-8.654,1
20260419,20260503,14,ZBTUSDT,resistance_test,bear,0.1103,0.1973,78.876,0
20260419,20260503,14,ZBTUSDT,uptrend,bull,0.1103,0.1973,78.876,1
20260419,20260503,14,MORPHOUSDT,rsi_bearish_divergence,bear,1.951,1.975,1.23,0
20260419,20260503,14,ZILUSDT,downtrend,bear,0.00406,0.00407,0.246,0
20260419,20260503,14,XECUSDT,double_bottom_90d,bull,7.17e-06,7.2e-06,0.418,1
20260419,20260503,14,XECUSDT,downtrend,bear,7.17e-06,7.2e-06,0.418,0
20260419,20260503,14,CUSDT,double_bottom_90d,bull,0.0756,0.0783,3.571,1
20260419,20260503,14,CUSDT,double_top_90d,bear,0.0756,0.0783,3.571,0
20260419,20260503,14,VELODROMEUSDT,downtrend,bear,0.01671,0.01731,3.591,0
20260419,20260503,14,FOGOUSDT,uptrend,bull,0.01995,0.01846,-7.469,0
20260419,20260503,14,SYNUSDT,macd_bullish_cross,bull,0.0522,0.0547,4.789,1
20260419,20260503,14,SYNUSDT,uptrend,bull,0.0522,0.0547,4.789,1
20260419,20260503,14,DYMUSDT,macd_bullish_cross,bull,0.0202,0.0185,-8.416,0
20260419,20260503,14,HIGHUSDT,breakout_30d,bull,0.404,0.211,-47.772,0
20260419,20260503,14,HIGHUSDT,macd_bullish_cross,bull,0.404,0.211,-47.772,0
20260419,20260503,14,HIGHUSDT,downtrend,bear,0.404,0.211,-47.772,1
20260419,20260503,14,NOTUSDT,double_bottom_90d,bull,0.000397,0.000395,-0.504,0
20260419,20260503,14,NOTUSDT,double_top_90d,bear,0.000397,0.000395,-0.504,1
20260419,20260503,14,LAYERUSDT,uptrend,bull,0.0855,0.0856,0.117,1
20260419,20260503,14,XPLUSDT,macd_bearish_cross,bear,0.117,0.09,-23.077,1
20260419,20260503,14,PHAUSDT,macd_bearish_cross,bear,0.0341,0.0324,-4.985,1
20260419,20260503,14,PHAUSDT,uptrend,bull,0.0341,0.0324,-4.985,0
20260419,20260503,14,AIUSDT,breakout_30d,bull,0.0236,0.022,-6.78,0
20260419,20260503,14,AIUSDT,double_top_90d,bear,0.0236,0.022,-6.78,1
20260419,20260503,14,AIUSDT,downtrend,bear,0.0236,0.022,-6.78,1
20260419,20260503,14,KGSTUSDT,resistance_test,bear,0.0114,0.01142,0.175,0
20260419,20260503,14,DOLOUSDT,macd_bullish_cross,bull,0.03556,0.03082,-13.33,0
20260419,20260503,14,DOLOUSDT,macd_bearish_cross,bear,0.03556,0.03082,-13.33,1
20260419,20260503,14,DOLOUSDT,double_bottom_90d,bull,0.03556,0.03082,-13.33,0
20260419,20260503,14,DOLOUSDT,double_top_90d,bear,0.03556,0.03082,-13.33,1
20260419,20260503,14,DOLOUSDT,uptrend,bull,0.03556,0.03082,-13.33,0
20260419,20260503,14,SOMIUSDT,double_bottom_90d,bull,0.1791,0.1834,2.401,1
20260419,20260503,14,SOMIUSDT,downtrend,bear,0.1791,0.1834,2.401,0
20260419,20260503,14,HUMAUSDT,bullish_engulfing_4h,bull,0.01913,0.02248,17.512,1
20260419,20260503,14,GUSDT,double_bottom_90d,bull,0.00385,0.00362,-5.974,0
20260419,20260503,14,HYPERUSDT,double_top_90d,bear,0.0997,0.1173,17.653,0
20260419,20260503,14,HYPERUSDT,downtrend,bear,0.0997,0.1173,17.653,0
20260419,20260503,14,ETHFIUSDT,macd_bullish_cross,bull,0.487,0.417,-14.374,0
20260419,20260503,14,ETHFIUSDT,double_top_90d,bear,0.487,0.417,-14.374,1
20260419,20260503,14,GNSUSDT,macd_bullish_cross,bull,0.735,0.541,-26.395,0
20260419,20260503,14,GNSUSDT,macd_bearish_cross,bear,0.735,0.541,-26.395,1
20260419,20260503,14,GNSUSDT,double_bottom_90d,bull,0.735,0.541,-26.395,0
20260419,20260503,14,GNSUSDT,downtrend,bear,0.735,0.541,-26.395,1
20260419,20260503,14,FTTUSDT,double_bottom_90d,bull,0.3091,0.2977,-3.688,0
20260419,20260503,14,FTTUSDT,downtrend,bear,0.3091,0.2977,-3.688,1
20260419,20260503,14,STORJUSDT,double_bottom_90d,bull,0.1039,0.0966,-7.026,0
20260419,20260503,14,TURTLEUSDT,double_bottom_90d,bull,0.0487,0.0482,-1.027,0
20260419,20260503,14,TURTLEUSDT,uptrend,bull,0.0487,0.0482,-1.027,0
20260419,20260503,14,REDUSDT,macd_bearish_cross,bear,0.139,0.1328,-4.46,1
20260419,20260503,14,PONDUSDT,double_top_90d,bear,0.0025,0.0021,-16.0,1
20260419,20260503,14,IOTAUSDT,macd_bullish_cross,bull,0.0578,0.0554,-4.152,0
20260419,20260503,14,IOTAUSDT,macd_bearish_cross,bear,0.0578,0.0554,-4.152,1
20260419,20260503,14,IOTAUSDT,double_bottom_90d,bull,0.0578,0.0554,-4.152,0
20260419,20260503,14,IOTAUSDT,double_top_90d,bear,0.0578,0.0554,-4.152,1
20260419,20260503,14,ASTRUSDT,downtrend,bear,0.008066,0.008032,-0.422,1
20260419,20260503,14,KMNOUSDT,downtrend,bear,0.0218,0.02104,-3.486,1
20260419,20260503,14,QUICKUSDT,uptrend,bull,0.01163,0.00949,-18.401,0
20260419,20260503,14,STRKUSDT,double_bottom_90d,bull,0.0356,0.0397,11.517,1
20260419,20260503,14,ZROUSDT,macd_bearish_cross,bear,1.884,1.394,-26.008,1
20260419,20260503,14,ZROUSDT,double_bottom_90d,bull,1.884,1.394,-26.008,0
20260419,20260503,14,ZROUSDT,downtrend,bear,1.884,1.394,-26.008,1
20260419,20260503,14,GIGGLEUSDT,downtrend,bear,36.29,32.28,-11.05,1
20260419,20260503,14,WOOUSDT,uptrend,bull,0.0188,0.0191,1.596,1
20260419,20260503,14,DGBUSDT,macd_bearish_cross,bear,0.00453,0.00387,-14.57,1
20260419,20260503,14,DGBUSDT,double_top_90d,bear,0.00453,0.00387,-14.57,1
20260419,20260503,14,WUSDT,macd_bullish_cross,bull,0.0125,0.0129,3.2,1
20260419,20260503,14,WUSDT,downtrend,bear,0.0125,0.0129,3.2,0
20260419,20260503,14,CITYUSDT,double_top_90d,bear,0.662,0.621,-6.193,1
20260419,20260503,14,COTIUSDT,macd_bullish_cross,bull,0.01486,0.01401,-5.72,0
20260419,20260503,14,COTIUSDT,macd_bearish_cross,bear,0.01486,0.01401,-5.72,1
20260419,20260503,14,COTIUSDT,resistance_test,bear,0.01486,0.01401,-5.72,1
20260419,20260503,14,QKCUSDT,double_bottom_90d,bull,0.003249,0.003089,-4.925,0
20260419,20260503,14,AEURUSDT,death_cross,bear,1.1603,1.1619,0.138,0
20260419,20260503,14,SXTUSDT,support_bounce,bull,0.01699,0.01623,-4.473,0
20260419,20260503,14,ALTUSDT,downtrend,bear,0.00731,0.00767,4.925,0
20260419,20260503,14,COSUSDT,evening_star_4h,bear,0.001214,0.001161,-4.366,1
20260419,20260503,14,BEAMXUSDT,downtrend,bear,0.002006,0.001945,-3.041,1
20260419,20260503,14,ZKUSDT,downtrend,bear,0.01629,0.01692,3.867,0
20260419,20260503,14,KERNELUSDT,rsi_bullish_divergence,bull,0.0822,0.0608,-26.034,0
20260419,20260503,14,KERNELUSDT,uptrend,bull,0.0822,0.0608,-26.034,0
20260419,20260503,14,AWEUSDT,downtrend,bear,0.05463,0.05656,3.533,0
20260419,20260503,14,THEUSDT,double_bottom_90d,bull,0.1118,0.1008,-9.839,0
20260419,20260503,14,THEUSDT,evening_star_4h,bear,0.1118,0.1008,-9.839,1
20260419,20260503,14,SAHARAUSDT,macd_bullish_cross,bull,0.02238,0.02401,7.283,1
20260419,20260503,14,BARUSDT,macd_bearish_cross,bear,0.495,0.434,-12.323,1
20260419,20260503,14,FFUSDT,macd_bearish_cross,bear,0.0722,0.06275,-13.089,1
20260419,20260503,14,WBTCUSDT,resistance_test,bear,75702.44,78389.17,3.549,0
20260419,20260503,14,WBTCUSDT,downtrend,bear,75702.44,78389.17,3.549,0
20260419,20260503,14,NOMUSDT,support_bounce,bull,0.00341,0.0026,-23.754,0
20260419,20260503,14,NOMUSDT,downtrend,bear,0.00341,0.0026,-23.754,1
20260419,20260503,14,STOUSDT,uptrend,bull,0.0938,0.0895,-4.584,0
20260419,20260503,14,FUSDT,double_bottom_90d,bull,0.00557,0.0055,-1.257,0
20260419,20260503,14,FUSDT,downtrend,bear,0.00557,0.0055,-1.257,1
20260419,20260503,14,BANANAS31USDT,downtrend,bear,0.009868,0.010183,3.192,0
20260419,20260503,14,STEEMUSDT,macd_bullish_cross,bull,0.05912,0.05646,-4.499,0
20260419,20260503,14,RIFUSDT,downtrend,bear,0.0441,0.0474,7.483,0
20260419,20260503,14,币安人生USDT,breakout_30d,bull,0.455,0.4035,-11.319,0
20260419,20260503,14,币安人生USDT,downtrend,bear,0.455,0.4035,-11.319,1
20260419,20260503,14,WLFIUSDT,downtrend,bear,0.0791,0.0555,-29.836,1
20260419,20260503,14,DCRUSDT,double_bottom_90d,bull,20.61,18.81,-8.734,0
20260419,20260503,14,DCRUSDT,downtrend,bear,20.61,18.81,-8.734,1
20260419,20260503,14,ZKCUSDT,double_bottom_90d,bull,0.0745,0.0739,-0.805,0
20260419,20260503,14,ZKCUSDT,hammer_4h,bull,0.0745,0.0739,-0.805,0
20260419,20260503,14,BTTCUSDT,double_top_90d,bear,3.2e-07,3.2e-07,0.0,0
20260419,20260503,14,SAGAUSDT,breakdown_30d,bear,0.02345,0.01769,-24.563,1
20260419,20260503,14,SAGAUSDT,macd_bearish_cross,bear,0.02345,0.01769,-24.563,1
20260419,20260503,14,SAGAUSDT,uptrend,bull,0.02345,0.01769,-24.563,0
20260419,20260503,14,ZAMAUSDT,downtrend,bear,0.02719,0.02705,-0.515,1
20260419,20260503,14,GNOUSDT,macd_bullish_cross,bull,124.13,140.44,13.139,1
20260419,20260503,14,GNOUSDT,double_top_90d,bear,124.13,140.44,13.139,0
20260419,20260503,14,GNOUSDT,downtrend,bear,124.13,140.44,13.139,0
20260419,20260503,14,IDUSDT,downtrend,bear,0.0326,0.0316,-3.067,1
20260419,20260503,14,COWUSDT,macd_bearish_cross,bear,0.1892,0.1857,-1.85,1
20260419,20260503,14,COWUSDT,downtrend,bear,0.1892,0.1857,-1.85,1
20260419,20260503,14,PIVXUSDT,macd_bearish_cross,bear,0.0814,0.0688,-15.479,1
20260419,20260503,14,PIVXUSDT,double_top_90d,bear,0.0814,0.0688,-15.479,1
20260419,20260503,14,PIVXUSDT,uptrend,bull,0.0814,0.0688,-15.479,0
20260419,20260503,14,PROVEUSDT,downtrend,bear,0.2372,0.2487,4.848,0
20260419,20260503,14,CVXUSDT,double_top_90d,bear,1.843,1.744,-5.372,1
20260419,20260503,14,CVXUSDT,uptrend,bull,1.843,1.744,-5.372,0
20260419,20260503,14,LAUSDT,macd_bullish_cross,bull,0.1643,0.1418,-13.694,0
20260419,20260503,14,LAUSDT,double_bottom_90d,bull,0.1643,0.1418,-13.694,0
20260419,20260503,14,LAUSDT,downtrend,bear,0.1643,0.1418,-13.694,1
20260419,20260503,14,ACHUSDT,downtrend,bear,0.00627,0.00809,29.027,0
20260419,20260503,14,BERAUSDT,downtrend,bear,0.414,0.371,-10.386,1
20260419,20260503,14,ALLOUSDT,downtrend,bear,0.11,0.1216,10.545,0
20260419,20260503,14,BNSOLUSDT,downtrend,bear,96.1,93.4,-2.81,1
20260419,20260503,14,HOMEUSDT,downtrend,bear,0.01833,0.01424,-22.313,1
20260419,20260503,14,KITEUSDT,double_bottom_90d,bull,0.1427,0.1499,5.046,1
20260419,20260503,14,KITEUSDT,downtrend,bear,0.1427,0.1499,5.046,0
20260419,20260503,14,ESPUSDT,uptrend,bull,0.07582,0.06789,-10.459,0
20260419,20260503,14,XVGUSDT,macd_bearish_cross,bear,0.003439,0.00323,-6.077,1
20260419,20260503,14,XVGUSDT,downtrend,bear,0.003439,0.00323,-6.077,1
20260419,20260503,14,RESOLVUSDT,rsi_bullish_divergence,bull,0.0336,0.029,-13.69,0
20260419,20260503,14,RESOLVUSDT,downtrend,bear,0.0336,0.029,-13.69,1
20260419,20260503,14,PARTIUSDT,rsi_bullish_divergence,bull,0.0426,0.0406,-4.695,0
20260419,20260503,14,PARTIUSDT,double_top_90d,bear,0.0426,0.0406,-4.695,1
20260419,20260503,14,PARTIUSDT,downtrend,bear,0.0426,0.0406,-4.695,1
20260419,20260503,14,SENTUSDT,downtrend,bear,0.01633,0.01727,5.756,0
20260419,20260503,14,ENSOUSDT,downtrend,bear,0.868,0.986,13.594,0
20260419,20260503,14,GUNUSDT,downtrend,bear,0.01524,0.01421,-6.759,1
20260419,20260503,14,SIGNUSDT,downtrend,bear,0.0189,0.01569,-16.984,1
20260419,20260503,14,USDEUSDT,macd_bullish_cross,bull,0.9999,0.9993,-0.06,0
20260419,20260503,14,USDEUSDT,macd_bearish_cross,bear,0.9999,0.9993,-0.06,1
20260419,20260503,14,USDEUSDT,support_bounce,bull,0.9999,0.9993,-0.06,0
20260419,20260503,14,USDEUSDT,resistance_test,bear,0.9999,0.9993,-0.06,1
20260419,20260503,14,BFUSDUSDT,rsi_bullish_divergence,bull,0.9994,0.9995,0.01,1
20260419,20260503,14,BFUSDUSDT,resistance_test,bear,0.9994,0.9995,0.01,0
20260419,20260503,14,USD1USDT,macd_bullish_cross,bull,0.9999,1.0,0.01,1
20260419,20260503,14,USD1USDT,resistance_test,bear,0.9999,1.0,0.01,0
20260419,20260503,14,UUSDT,resistance_test,bear,0.9996,1.0001,0.05,0
20260419,20260503,14,FDUSDUSDT,rsi_bullish_divergence,bull,0.9993,0.999,-0.03,0
20260419,20260503,14,FDUSDUSDT,macd_bearish_cross,bear,0.9993,0.999,-0.03,1
20260419,20260503,14,USDCUSDT,resistance_test,bear,0.99955,0.99998,0.043,0
20260419,20260503,14,FRAXUSDT,downtrend,bear,0.4779,0.4702,-1.611,1
20260419,20260503,14,TUSDUSDT,macd_bearish_cross,bear,0.9991,0.9988,-0.03,1
20260419,20260503,14,TUSDUSDT,resistance_test,bear,0.9991,0.9988,-0.03,1
20260419,20260503,14,TUSDUSDT,uptrend,bull,0.9991,0.9988,-0.03,0
20260419,20260503,14,USDPUSDT,support_bounce,bull,0.9996,0.9999,0.03,1
20260419,20260503,14,USDPUSDT,resistance_test,bear,0.9996,0.9999,0.03,0
20260419,20260503,14,USDPUSDT,uptrend,bull,0.9996,0.9999,0.03,1
